"day","Max_Temp","Av_Temp","Min_Temp","Radiant_exposure","Rainfall"
2021-07-20,30.15,23.9074192597526,19.3333333333333,16132.7740234765,0
2021-07-21,28.4833333333333,21.4574757010129,14.65,18088.058256993,0
2021-07-22,28.0615384615385,19.5971716897266,12.48,18463.0462538711,0
2021-07-23,27.9461538461538,21.4795125368459,15.45,18175.7704456279,0
2021-07-24,24.1333333333333,19.3343512767426,16.6333333333333,8.61,0
2021-07-25,29.1333333333333,21.9228797576692,17.0666666666667,16810.8509001954,0
2021-07-26,28.825,22.6126728518395,15.8,18531.3754571091,0
2021-07-27,28.0166666666667,22.0876558441558,17,11719.5885398352,0
2021-07-28,27.5857142857143,20.8140986501924,15.6428571428571,11337.3644351898,0
2021-07-29,29.025,21.1463703865579,14.1,14345.7771191235,0
2021-07-30,29.87,21.2910699688043,14.74,18142.4981534715,0
2021-07-31,29.675,22.3256705808811,16.8333333333333,14438.7968109391,0
2021-08-01,30.2916666666667,22.8288190260032,17.4666666666667,16328.817978426,0
2021-08-02,28.675,21.7787457449957,16.65,14863.1730370879,0
2021-08-03,30.85,22.0296949108239,15.6,18460.5511408591,0
2021-08-04,29.49,21.8325445677008,16.2333333333333,16065.9993351942,0
2021-08-05,27.2909090909091,19.7456922273329,13.3,18797.294456044,0
2021-08-06,26.0714285714286,18.773332316806,11.95,16085.3125751748,0
2021-08-07,26.95,21.321820009187,14.9428571428571,15461.4818376623,0
2021-08-08,25.7888888888889,21.5251125095905,18.3428571428571,9864.48012774725,1.8
2021-08-09,24.0818181818182,20.5628568358356,18.0333333333333,6997.76129033467,6
2021-08-10,23.85,20.9190983956307,17.9,5767.70799875125,0
2021-08-11,29.5166666666667,22.5217525953579,17.1,19018.0169820547,0
2021-08-12,25.57,21.4498939552511,18.1875,8784.17641039108,2.2
2021-08-13,28.2125,23.7101317523057,20.2666666666667,14048.3715580229,0.4
2021-08-14,27,22.6053968654802,20.5444444444444,11345.9691103749,5.2
2021-08-15,27.4818181818182,22.2235631237975,18.85,13938.5898262987,0.8
2021-08-16,27.4166666666667,22.659472412295,19.35,13492.7582786992,0
2021-08-17,29.16,22.3798739859677,16.3333333333333,20714.2453381618,0
2021-08-18,26.9909090909091,21.4520187268871,16.1333333333333,13222.3229823706,0
2021-08-19,29.15,20.8905607624156,14.6666666666667,20957.0910688503,0
2021-08-20,28.5181818181818,22.7931776469145,15.6444444444444,13638.4431603103,0
2021-08-21,29.5181818181818,24.6166921651581,21.7333333333333,14183.2689027149,0.6
2021-08-22,26.2454545454545,23.2105210976763,21,7569.92156043956,3.4
2021-08-23,29.7636363636364,23.6043477054347,18.85,18885.6980883602,0
2021-08-24,31.3181818181818,22.9666768098799,17.54,21066.6587184066,0
2021-08-25,29.1769230769231,22.1551998001998,17,21494.2419534216,0
2021-08-26,28.9076923076923,22.6913459985781,17.35,9868.58135539461,0
2021-08-27,30.8111111111111,23.7881623756361,18.9333333333333,18091.9961468164,0
2021-08-28,30.8,25.2540477362144,20.7333333333333,19701.921047908,0
2021-08-29,30.825,24.9963645583807,20.05,16036.5508379121,0
2021-08-30,31.7111111111111,25.160788393049,19.8,13928.046679901,0
2021-08-31,27.5571428571429,24.814950753381,22.65,5259.78012774725,1.4
2021-09-01,28.7923076923077,24.8819937401419,23.1333333333333,9119.39004058442,0
2021-09-02,28.4777777777778,24.6284144466644,22.15,14554.6855422078,0
2021-09-03,28.2,24.0034673539021,20.8333333333333,15779.6385123626,0
2021-09-04,28.3666666666667,23.367796560165,19.75,11003.1577211538,0.6
2021-09-05,28.88,23.2009241577136,18.0666666666667,13688.1234611638,0
2021-09-06,28.75,22.5454858641955,17.58,16950.1259711538,0.6
2021-09-07,25.62,22.4110100355325,20.45,13203.7627623626,0.2
2021-09-08,26.4916666666667,22.4386427432217,19.38,14289.8417034216,2
2021-09-09,26.02,22.3804596197453,19.7333333333333,12651.2296607143,1
2021-09-10,27.8583333333333,23.2226107545073,20.5666666666667,12260.7350342158,0
2021-09-11,27.6727272727273,23.0598951914275,20.4,10180.5979639331,0
2021-09-12,27.27,22.8374390253466,19.4,6732.68891869895,0.2
2021-09-13,30.6769230769231,23.9966658400701,18.34,22080.481363989,0
2021-09-14,30.6222222222222,23.8299274130125,18.7,22643.3597484354,0
2021-09-15,29.9166666666667,23.1899213038424,16.4333333333333,21480.4751692058,0
2021-09-16,28.7,22.266299822984,16.44,23148.6837505656,0
2021-09-17,29.0666666666667,21.925177833862,15.75,21789.3338273271,0
2021-09-18,28.8375,22.9964498680988,17.35,21049.9413214286,0
2021-09-19,28.9285714285714,24.0521234172041,20.3714285714286,19689.986353022,0
2021-09-20,29.0923076923077,24.4947267478749,18.7,17779.4334427998,0
2021-09-21,29.7,21.6887132312132,17.2333333333333,1778.8265,0
2021-09-22,26.1076923076923,20.5577381390539,14.5142857142857,23891.0732733516,0
2021-09-23,27.83,21.6235575240362,13.85,17856.0596385747,0
2021-09-24,28.4357142857143,23.3265113845965,17.2,16311.6341238761,0
2021-09-25,28,24.0358114047788,20.75,11694.0747481416,0
2021-09-26,30.7,24.1284483855452,18.34,23917.8227217782,0
2021-09-27,30.7181818181818,24.4986000406213,18.55,24032.9688229271,0
2021-09-28,30.67,25.9518091413272,21.7,21244.7900025048,0.4
2021-09-29,30.7083333333333,25.3484485329485,22.05,17258.0712327378,0
2021-09-30,25.9,23.7775129198966,21.6,3358.05002572428,0
2021-10-01,30.7363636363636,24.6880296269924,18.85,18968.8355143606,0
2021-10-02,32.8857142857143,25.4458180489102,20.2,21824.8526530969,0
2021-10-03,30.61,25.3828789642071,20.2333333333333,22567.1665751748,0
2021-10-04,31.9125,26.267185172983,20.65,24508.0551687944,0
2021-10-05,32.12,26.1677168412795,21.36,23421.0841678322,0
2021-10-06,32.3571428571429,26.2099669213765,21.6333333333333,23194.3899024725,0
2021-10-07,31.5333333333333,25.3691400938243,19.9666666666667,23912.8025969031,0
2021-10-08,31.925,25.3255838576317,20,24444.1228928571,0
2021-10-09,32.4,25.765257175573,20,24720.2783914027,0
2021-10-10,31.6272727272727,25.4294555205846,19.95,25311.2889519231,0
2021-10-11,31.7818181818182,25.340857412515,18.2333333333333,23832.1550680569,0
2021-10-12,31.6571428571429,25.6135186850187,19.55,24675.1496348651,0
2021-10-13,31.0846153846154,25.5118776116357,19.7,24131.9130906593,0
2021-10-14,31.825,26.2984931334098,21.225,22034.7718392857,0
2021-10-15,31.0307692307692,25.3697294849714,21.2,12634.3402032967,5.8
2021-10-16,34.15,26.1608852020142,19.65,25756.2682746445,0
2021-10-17,33.95,27.8284341724167,21.55,24018.1440581771,0
2021-10-18,33.37,27.700032464483,22.95,23332.0145226244,0
2021-10-19,32.0909090909091,26.9657242772162,21.1444444444444,25930.6088767776,0
2021-10-20,31.9375,27.3021110455201,21.3333333333333,24022.807342437,0
2021-10-21,31.725,27.9822559385059,23.7166666666667,21489.1525892857,0
2021-10-22,32.3307692307692,27.84899451317,25.44,16716.6756848152,0
2021-10-23,33.7833333333333,27.940824409965,23.76,22269.7111585547,0
2021-10-24,32.4833333333333,26.6546925236599,21.2666666666667,26024.2586264544,0
2021-10-25,32.5733333333333,25.9456535165247,19.95,25997.5154770744,0
2021-10-26,32.2727272727273,26.0713832687459,19.75,23831.4726098901,0
2021-10-27,32.275,26.7060201854883,21.5333333333333,25245.916883161,0
2021-10-28,32.76,25.9922286667581,20.95,21550.3454449521,0
2021-10-29,32.7,27.093331211799,20.6333333333333,24797.2329337427,0
2021-10-30,33.3,27.2548803912815,21.55,25179.9640458218,0
2021-10-31,34.1833333333333,28.0805667727334,21.7,25138.7739504246,0
2021-11-01,33.7,28.165970997088,23.85,21486.2065607628,0
2021-11-02,29.7571428571429,26.4968938707648,23.5555555555556,9359.55035075953,8.8
2021-11-03,32.9538461538462,26.7167525900026,22.45,16134.298970265,2.8
2021-11-04,31.3166666666667,25.8325109871813,22.25,19664.226375,5.4
2021-11-05,31.7,25.8827382003961,21.6,18597.0483580096,0.8
2021-11-06,32.8333333333333,26.215128766033,20.24,25850.6833894855,0
2021-11-07,33.3666666666667,27.5105740406547,21.6,26818.1628145604,0
2021-11-08,33.11,28.0449047510461,23.8428571428571,22953.6789534436,0
2021-11-09,32.64,28.2825115177862,24.96,17223.5837237395,0.4
2021-11-10,33.0818181818182,28.6860747959905,24.25,20503.0340825425,0
2021-11-11,33.6666666666667,29.3959513245593,25.05,22680.1837950358,0
2021-11-12,33.1545454545455,28.7079060873416,24,22017.3546996239,0
2021-11-13,33.9615384615385,28.9757011454455,24.74,21273.9666505039,0
2021-11-14,33.0333333333333,28.0447674177674,22.35,15003.4330560249,0
2021-11-15,34.1,29.0601838607058,24.9,17555.5316208791,0
2021-11-16,33.7307692307692,28.3541910805922,24.5333333333333,20163.1388130252,14.2
2021-11-17,33.5153846153846,27.9640019956149,24.3375,17838.5311595537,0.8
2021-11-18,32.3,26.7668110997799,24.1333333333333,17644.9993914248,20.2
2021-11-19,32.4857142857143,27.6364218805885,23,24709.86747966,0
2021-11-20,32.3363636363636,26.474858398911,20.8333333333333,24935.5152246944,0
2021-11-21,31.8363636363636,25.8942667567939,19.75,27400.5471224658,0
2021-11-22,31.3846153846154,26.1660470026427,19.85,26375.3991229359,0
2021-11-23,32.5181818181818,28.0125342523638,22.65,25036.2641547276,0
2021-11-24,33.9785714285714,28.6518528292695,23.75,23104.0474120879,0
2021-11-25,33.875,27.3780860301315,23.94,11850.3010837912,1.6
2021-11-26,32.6,27.0682632416424,23.85,20406.1565064935,11.6
2021-11-27,33.5866666666667,28.0121780965247,23.35,19465.8267197802,5
2021-11-28,33.31,27.5857143841821,23.0333333333333,19871.3107496254,8.4
2021-11-29,33.6769230769231,27.5603462710129,23.45,17944.9377778472,29.8
2021-11-30,32.7666666666667,27.8425539134778,23.85,18029.3175302198,4
2021-12-01,33.77,28.8262416427242,23.5333333333333,21093.1331569974,0
2021-12-02,35.1,29.2601865254311,23.6333333333333,24993.9953183581,0
2021-12-03,34.1,28.657637447094,24.05,21086.4958626374,0
2021-12-04,35.15,28.6636157548126,22.3571428571429,26685.8411298701,0
2021-12-05,34.7,28.1197273801078,21.35,28338.712532967,0
2021-12-06,34.4083333333333,28.5745932488564,22.15,25826.0532703693,0
2021-12-07,32.2625,26.47479424961,23.44,13326.3859518643,3.2
2021-12-08,33.4285714285714,27.9587354224723,23.36,19481.1395204134,0
2021-12-09,34.3727272727273,28.5625198533351,23.35,21165.2962386951,10.2
2021-12-10,33.4857142857143,27.3926896804886,23.16,16873.4380047453,1.8
2021-12-11,34.1769230769231,28.5929456928907,22.65,25405.2043063187,0
2021-12-12,34.24,28.9197798849701,24.1333333333333,23226.0117690692,0
2021-12-13,33.2,28.0062580120825,22.925,17311.4122293956,0.2
2021-12-14,33.7714285714286,28.0356941620471,21.74,19423.038153927,0
2021-12-15,32.9363636363636,28.1028093460688,21.375,21137.3322844655,0
2021-12-16,33.4461538461538,28.3431423045554,22.25,11584.0557510504,0
2021-12-17,33.36,27.9379860594488,21.0444444444444,25484.9757307692,0
2021-12-18,33.6454545454545,26.9530213295476,22.5333333333333,15460.8175054945,2.6
2021-12-19,33.1,27.3315759273406,21.7,17694.1717228507,0
2021-12-20,NA,NA,NA,0,0
2021-12-21,25.45,24.4568831168831,23.55,1.44,0
2021-12-22,34.1692307692308,28.564112159936,23.05,25994.0929602897,0
2021-12-23,34.9777777777778,28.8365768923748,22.25,27057.9884752747,0
2021-12-24,34.4083333333333,29.4227141034548,23.15,26675.3831892666,0
2021-12-25,26.3,26.099375,25.94,1.8,0
2021-12-26,34.7785714285714,29.2487020497618,25.15,16579.3501397353,0
2021-12-27,33.6181818181818,25.8523060591029,22.9,9227.37073351648,16.4
2021-12-28,30.6333333333333,25.4186829805996,22.75,7735.37949540166,8.8
2021-12-29,24.875,23.8070840504877,22.84,3025.61492457542,54.2
2021-12-30,30.95,25.9923442888003,23.3,7270.48648201798,9.4
2021-12-31,33.49,27.6892886310549,21.95,24579.7904849709,2
2022-01-01,32.85,27.6747226224068,21.85,23780.1057159826,0
2022-01-02,35.1,28.9375105181557,23.2,20116.6135650599,1
2022-01-03,36.1888888888889,29.3433851293634,24.54,17442.9306514515,2.2
2022-01-04,38.5461538461538,30.3529979635749,23.9333333333333,25101.1472407886,0
2022-01-05,39.8222222222222,31.3088637924575,26.5428571428571,21259.2803897353,0
2022-01-06,37.8857142857143,31.1466539776013,25.5333333333333,23054.2999323764,0
2022-01-07,36.1785714285714,30.2421863379676,24.7714285714286,24029.1401099709,0
2022-01-08,34.5538461538462,29.3545971054036,25.1428571428571,23983.1640424208,0
2022-01-09,33.525,27.9569308047025,23.8666666666667,15132.1669920814,34.2
2022-01-10,31.1,25.6888681499224,23.65,8707.94046391109,83.2
2022-01-11,29.2166666666667,25.086764271676,23.25,7635.50275124875,47.2
2022-01-12,30.475,25.9145761538203,23.325,11682.3960226024,4.6
2022-01-13,33.6545454545455,27.5152922330195,22.6,21193.6496955398,0.6
2022-01-14,33.6,28.2856181870339,21.8142857142857,23462.2336487116,0
2022-01-15,33.4166666666667,28.5935362983577,24.5666666666667,7690.04603571429,0
2022-01-16,33.0923076923077,28.6521129811546,23.7,21375.2365024314,0
2022-01-17,33.49,28.9232404363856,23.625,24520.5858111154,0
2022-01-18,34.26,28.8409933047836,24,22708.7863458233,0
2022-01-19,33.2,27.9991908420134,23.5333333333333,16515.4880714286,0.2
2022-01-20,33.47,27.9258192332359,23.2,17534.1673972939,2.4
2022-01-21,31.4888888888889,26.0326501308769,23.25,13062.9105018731,40.4
2022-01-22,28.2,25.3268989562248,23.45,9127.99065481577,14.8
2022-01-23,32.3,26.8693308543309,23,15174.7799956367,0.6
2022-01-24,32.85,27.9724810322253,23,20219.0240400776,0
2022-01-25,34.6090909090909,28.6018763245798,23.25,19706.3974649321,0.4
2022-01-26,34.4538461538462,28.5125046539806,24.75,18539.8324234809,37.2
2022-01-27,31.5090909090909,27.2402737713675,24.9076923076923,2657.94385714286,4.8
2022-01-28,32.8583333333333,27.2246672707138,24.2375,11135.1127762238,49.4
2022-01-29,32.1454545454545,26.8500991865278,22.5666666666667,13070.1139360639,19.6
2022-01-30,32.5,27.3592777494373,23.7666666666667,18997.2178194306,6.4
2022-01-31,34.625,29.0494124127684,22.7333333333333,25988.5582177822,0
2022-02-01,34.4222222222222,27.888317978318,23.7,14480.8424175824,2.2
2022-02-02,35.3222222222222,29.6301645985593,25.9,19470.0560580669,1.4
2022-02-03,34.425,29.2223686109212,24.975,18802.2880714286,12
2022-02-04,34.06,28.8295127991222,24.86,15208.696455045,0
2022-02-05,31.4416666666667,26.342505042747,24.05,11340.3758792458,1.2
2022-02-06,33.3416666666667,27.1219498406183,23.1,18620.8084903846,1.2
2022-02-07,31.85,26.5112873946385,21.6833333333333,16962.6626317873,3.2
2022-02-08,32.7181818181818,26.9442289456575,20.8333333333333,17340.7616727537,0
2022-02-09,32.9,26.9992623721308,21.9333333333333,21316.8930824176,0.6
2022-02-10,34.1111111111111,27.4713064432446,21,26731.4272328921,0
2022-02-11,33.81,27.7381886229712,21.5333333333333,25341.6057673576,0
2022-02-12,33.4888888888889,27.1060450869322,21.4,25593.3257794705,0
2022-02-13,33.0454545454545,27.2728403631393,21.55,21419.5700837912,0
2022-02-14,31.44,26.1168797573585,23.58,16869.2335428322,11.8
2022-02-15,29.64,25.693475812013,23.75,12439.217418956,47
2022-02-16,33.2307692307692,28.0981112005279,23.15,20929.4332721029,0.6
2022-02-17,32.13,26.9161054495022,24.02,14393.316014985,7.6
2022-02-18,34.5666666666667,28.892752657836,23.22,23153.7996166334,0
2022-02-19,33.9166666666667,28.5372768355527,24.0166666666667,17254.6469886364,6.4
2022-02-20,32.6916666666667,27.9665415536844,24.1333333333333,19653.4685945305,0.2
2022-02-21,34.5666666666667,27.7692021104658,23.04,18275.6067898352,5.2
2022-02-22,33.6272727272727,28.1833831908832,23.5666666666667,13059.2554739011,0
2022-02-23,34.9454545454545,31.0033806736998,25.1333333333333,16288.6687626932,0.2
2022-02-24,34.35,27.7146510401743,24,8474.94261869748,2.2
2022-02-25,35.2583333333333,26.946527601802,23,13344.3253906094,22.2
2022-02-26,38.2111111111111,31.1016754460436,22.9,24247.9284260739,0.2
2022-02-27,39.3833333333333,31.724813833827,26.0666666666667,24290.5100543794,0
2022-02-28,35.9666666666667,29.3473437230618,26.16,10275.0610027473,1.4
2022-03-01,36.4,28.4329853393135,25.0333333333333,17294.8572147195,10.6
2022-03-02,36.3090909090909,29.1772011066839,24.8428571428571,18402.477399975,0.4
2022-03-03,36.95,29.950108305275,25.9333333333333,10403.4136400217,1.6
2022-03-04,35.2625,30.2637072207402,25.8,18339.6585284715,0
2022-03-05,35.4777777777778,28.8427821942038,24.55,20123.3204220559,1
2022-03-06,33.7875,28.5137981224272,24.1333333333333,21513.2494967826,0
2022-03-07,36.9,30.6797109480354,25.6444444444444,24732.7876565934,0
2022-03-08,37.42,31.0521695030116,25.95,22080.7323246533,0
2022-03-09,34.5125,29.0046132183229,24.05,21739.2245137363,3.6
2022-03-10,35.0545454545455,29.6844193838077,25.55,22882.0618746768,0
2022-03-11,35.5363636363636,29.9942706445601,23.95,22135.3924105894,0
2022-03-12,35.0125,29.1115478726769,24.55,20430.4141813187,12
2022-03-13,31.2,25.9983245448405,23.5333333333333,12027.0837943747,55
2022-03-14,25.2,24.3452492077211,23.45,3019.33470373744,51.8
2022-03-15,28.0333333333333,24.3733251860499,22.25,8363.30718543956,59.4
2022-03-16,28.9142857142857,25.5858329124059,22.9333333333333,13694.8462525195,2.8
2022-03-17,31.73,26.9481398010202,23.85,12519.1703567682,12
2022-03-18,30.1,26.0394244678932,23.25,9510.57757267732,57.8
2022-03-19,31.3714285714286,26.9799821585419,23.9,13937.5887984001,5.8
2022-03-20,32.825,27.8787143173433,24.18,18230.880077048,0
2022-03-21,32.8,27.4347002031785,23.0333333333333,17054.9731016337,0
2022-03-22,32.9857142857143,26.8177633713804,21.54,22731.1206930349,0
2022-03-23,32.7727272727273,25.8183737804748,20.15,22844.1700694232,0
2022-03-24,32.2090909090909,25.0162311507937,19.9,15303.9363357525,0
2022-03-25,32.6714285714286,26.3942658928373,20.7333333333333,13250.1090796409,0
2022-03-26,31.15,25.9383634994233,22.45,9831.71153890962,3.6
2022-03-27,33.2818181818182,26.9991489615391,21.7333333333333,19760.2099782644,0
2022-03-28,32.8416666666667,26.7655478959511,21.08,22427.685300097,0
2022-03-29,32.8727272727273,27.1305304841357,21.95,23117.7971702048,0
2022-03-30,36.0727272727273,27.5813156872367,20.66,24123.9693787242,0
2022-03-31,35.7333333333333,26.0663160221951,18.1333333333333,23699.5011147382,0
2022-04-01,34.7,26.1572809400338,17.6333333333333,23461.0254378416,0
2022-04-02,33.6454545454545,26.8727241434688,22.4,15648.2486347403,0
2022-04-03,34.2416666666667,27.4883725157626,21.84,21432.1352051845,0
2022-04-04,33.525,27.0559636212553,21.8333333333333,16136.9132898352,0
2022-04-05,34.3454545454545,27.9556442458005,23,19686.1902733516,0
2022-04-06,34.0153846153846,27.0600511565729,21.75,20154.4401016484,0
2022-04-07,34.01,26.8186685238298,20.85,18216.0018589572,0
2022-04-08,34.1666666666667,27.5241148412991,21.65,18299.2335,0
2022-04-09,34.7,27.4644373345952,23,17344.7580443601,0
2022-04-10,33.64,28.0572774491822,22.65,18106.5562769877,0
2022-04-11,29.2666666666667,26.1676579382677,24.4,3292.59401809955,6
2022-04-12,31.4909090909091,26.6024489867186,23.6333333333333,15133.9068733766,35.6
2022-04-13,31.9071428571429,27.5338143197382,24,19533.521754366,0
2022-04-14,28.88,25.4012556094699,21.9428571428571,9679.76840273542,5.8
2022-04-15,28.7285714285714,23.9702639751553,21.725,8175.13870703561,14.4
2022-04-16,31.1166666666667,25.0172129753486,20.55,17432.4002521008,0
2022-04-17,29.6846153846154,25.2761160980726,20.55,12771.3864163704,35.3
2022-04-18,30.2230769230769,24.5340813689235,20.95,12246.4329628313,2
2022-04-19,31.2454545454545,25.314636486572,21.25,14443.8847561409,2.8
2022-04-20,30.95,25.7753043074011,20.74,12164.6878202165,2.8
2022-04-21,27.26,24.6748934108527,22.9,4390.00765772463,37.8
2022-04-22,28.95,24.7505317894111,23.3375,6144.59450836663,66.2
2022-04-23,28.1,24.3524194741937,21.1,8082.39391313833,43.4
2022-04-24,29.1833333333333,25.7692385647558,23.81,8345.96360209643,20.4
2022-04-25,24.7,24.2079613095238,23.6285714285714,191.553722512781,35.8
2022-04-26,NA,NA,NA,0,0
2022-04-27,NA,NA,NA,0,0
2022-04-28,NA,NA,NA,0,0
2022-04-29,NA,NA,NA,0,0
2022-04-30,NA,NA,NA,0,0
2022-05-01,NA,NA,NA,0,0
2022-05-02,NA,NA,NA,0,0
2022-05-03,NA,NA,NA,0,0
2022-05-04,NA,NA,NA,0,0
2022-05-05,NA,NA,NA,0,0
2022-05-06,NA,NA,NA,0,0
2022-05-07,NA,NA,NA,0,0
2022-05-08,NA,NA,NA,0,0
2022-05-09,NA,NA,NA,0,0
2022-05-10,26.5,25.1058423180593,23.25,1875.49439348152,48.6
2022-05-11,28.7714285714286,24.1814754565035,21.6,7568.07268711436,7.8
2022-05-12,31.4916666666667,26.0316927548824,22.7666666666667,10366.6289134615,2.4
2022-05-13,31.51,25.0033333564584,21.05,15646.5633913072,0
2022-05-14,31.6272727272727,25.4470557220557,20.6333333333333,16485.4867197876,0
2022-05-15,32.98,25.9084432327972,20.6,17090.4267315185,0
2022-05-16,32.5,24.8549966431418,19.0333333333333,18458.9698145604,0
2022-05-17,32.475,24.5461632329024,18.6,18307.9614140859,0
2022-05-18,31.6083333333333,24.7114102682188,19.35,15549.7250130825,0
2022-05-19,31.24,24.3378894234421,19.4333333333333,14128.1578681319,0
2022-05-20,30.3727272727273,25.1164528698517,21.2333333333333,14095.4901660839,4.6
2022-05-21,30.6461538461538,24.9964369978886,20.8428571428571,16833.1274642857,1.2
2022-05-22,29.8333333333333,24.3685908915646,19.9,13135.838155947,0
2022-05-23,30.69,24.4326016586071,19.65,11752.7551246768,0
2022-05-24,28.13,23.9122025138604,20.65,11475.7218820297,0
2022-05-25,30.97,24.1662768360866,19.05,14189.8294120879,0
2022-05-26,29.9,23.2918212475355,18.35,12777.892464036,0
2022-05-27,30.3375,22.0574696455165,16.85,15363.3859709041,0
2022-05-28,29.375,21.1335614146904,15.48,14983.9855901598,0
2022-05-29,29.1083333333333,21.8363002582213,15.8,17695.1880360889,0
2022-05-30,28.7875,22.4098971109909,17.45,17221.6103446186,0
2022-05-31,31.5909090909091,23.0026058201058,17.2166666666667,15973.8029147103,0
2022-06-01,29.975,22.4247521026427,17.275,12248.8225798246,0
2022-06-02,31.1555555555556,22.9113472759125,17.45,15099.1474983766,0
2022-06-03,30.6,22.7951600788698,17.65,15384.6884812687,0
2022-06-04,30.46,22.631264843281,16.6,15383.9288092349,0
2022-06-05,29.69,22.8891434896122,18,8846.86355610566,0
2022-06-06,28.8,23.5930414709404,20.4,5922.67985701798,9.6
2022-06-07,31.8416666666667,25.4100812231247,21.9333333333333,11903.5849495504,0.8
2022-06-08,29.2777777777778,24.6141375999887,20.85,12401.6134532967,0
2022-06-09,27.325,22.0425180754918,17.15,16092.3273068182,0
2022-06-10,26.0727272727273,20.7298215933372,15.68,15757.9490580376,0
2022-06-11,26.5444444444444,19.1232414432832,12.75,16820.465989011,702.8
2022-06-12,27.9307692307692,19.7582242289874,12.8333333333333,16860.0937973497,0
2022-06-13,27.7357142857143,20.064028529341,14.8,16609.1634546703,0
2022-06-14,26.9666666666667,20.7155628718971,13.5333333333333,12016.1585188561,0
2022-06-15,28.3909090909091,23.1361303590027,18.15,10653.8161754496,0
2022-06-16,30.08,23.3696009605052,17.6,13502.4336288417,0
2022-06-17,27.2583333333333,23.4452807328605,18.7,7419.30601648352,0
2022-06-18,28.12,22.8180517945412,17.94,10807.8647468781,0
2022-06-19,27.4923076923077,22.0603540036353,18.0571428571429,15264.2484034568,0
2022-06-20,27.2777777777778,21.805999700654,16.64,10995.0955148601,1.8
2022-06-21,27.4454545454545,21.5495225943647,17.95,10578.1524729021,2.4
2022-06-22,26.1,22.0528051146384,20,11237.2587321429,0
2022-06-23,27.4222222222222,22.6571685741794,19.75,13055.5235010504,1
2022-06-24,26.8625,22.4084112023242,20,10808.759489011,0.2
2022-06-25,29.0538461538462,22.8441768834511,17.15,14116.9489759872,0.6
2022-06-26,24.85,23.132406544436,21.85,5234.8305497003,0
2022-06-27,26.7083333333333,23.7804763544536,21.95,8829.02570458953,0
2022-06-28,23.3666666666667,22.0883360700602,20.24,3941.44593768731,0
2022-06-29,24.4,22.101056022409,19.9666666666667,3897.27062375125,0
2022-06-30,24.1714285714286,22.4648687423687,21.45,4068.95083029471,12.6
2022-07-01,24.9285714285714,23.0623274185164,21.8,3074.60206052036,42.8
2022-07-02,28.4222222222222,23.5462848230201,20.85,13242.724407328,9.4
2022-07-03,28.03,23.1863247268604,20.2333333333333,13853.1104995152,0
2022-07-04,21.225,18.8022240927796,16.725,3641.65094655345,60.8
2022-07-05,21,17.4575999235035,15.5428571428571,3368.96586038961,14.4
2022-07-06,26.0428571428571,19.1747479808701,14.65,14971.0409471778,0.4
2022-07-07,25.9857142857143,17.9413600712153,12.85,16074.0611627417,0
2022-07-08,27.1083333333333,18.0339145576646,12.38,16014.9135829171,0
2022-07-09,27.6888888888889,19.4943551828606,13.2333333333333,15245.4293475642,0
2022-07-10,26.2454545454545,19.9547034765004,13.8,15437.6811860639,0
2022-07-11,25.2090909090909,17.4829688060478,11.95,16660.9967184066,0
2022-07-12,27.01,18.008049236643,11.3166666666667,15548.9989975025,0
2022-07-13,26.125,18.0134653299916,11.5,16266.1008918581,0
2022-07-14,24.275,17.2530012935782,10.1,17180.1429732767,0
2022-07-15,23.8181818181818,19.2388423102602,10.5625,13143.2877527473,0
2022-07-16,26.27,21.2038486632841,17.55,13663.2519299451,4.6
2022-07-17,26.4769230769231,21.3439020044283,17.8,11999.5058241758,4
2022-07-18,26.9545454545455,21.3652601866732,15.6,12473.7415065082,0
2022-07-19,27.65,19.5419348647806,13.98,17247.7799421828,0
2022-07-20,28.4714285714286,20.8349492612651,14.25,12841.0371263736,0
2022-07-21,29.6909090909091,22.7389983509398,17.6,15756.6948214286,0
2022-07-22,28.3454545454545,21.9806295425589,16.0666666666667,16863.7687707293,0
2022-07-23,28.5,20.4287437810727,13.9833333333333,17710.6169857642,0
2022-07-24,27.7285714285714,19.5604763814441,12.95,14839.2038908591,0
2022-07-25,27.625,21.2955027048974,17.25,13111.2174848901,0
2022-07-26,29.01,22.6410335570862,17.1166666666667,12883.6547229021,0
2022-07-27,28.83,21.5944292695608,15.3333333333333,17470.2447747253,0
2022-07-28,26.7888888888889,21.084871069587,17,16743.3805759388,0
2022-07-29,26.98,21.1056448288554,15.2,17891.4774148352,0
2022-07-30,27.775,22.2267593756303,18.5,15355.7548309191,0
2022-07-31,26.7888888888889,22.5679067660734,19.55,8783.76439285714,0
2022-08-01,25.5166666666667,22.0862681526511,19.7,6112.74329807692,0
2022-08-02,29.5636363636364,23.2600870357712,18.2333333333333,13108.1876849401,0
2022-08-03,29.1416666666667,22.9413537313941,17.5333333333333,16002.6080325924,0
2022-08-04,29.7416666666667,23.2282773575631,18.25,12524.4222568681,0
2022-08-05,30.875,24.2383353767445,18.7833333333333,17780.6953553652,0
2022-08-06,30.9727272727273,24.2491663094589,18.25,18622.7201504745,0
2022-08-07,28.7166666666667,23.3756152927121,19.35,8860.11592732268,0
2022-08-08,27.3285714285714,22.9587321628988,18.98,6431.20266758242,0
2022-08-09,23.9222222222222,21.3534579309579,15.8285714285714,5222.92955394605,0
2022-08-10,27.05,20.4712745794395,13.58,16905.7338771229,0
2022-08-11,28.0916666666667,22.4879894219256,19.04,13645.8409450549,0.4
2022-08-12,29.47,23.3876728552278,18.075,17272.6186652098,0
2022-08-13,29.9230769230769,21.8701265255213,15.75,19289.6846087809,0
2022-08-14,28.9230769230769,21.6648997338359,15.4833333333333,19404.5288008242,0
2022-08-15,29.0083333333333,21.3051301856039,15.4833333333333,18300.7056530969,0
2022-08-16,28.7,19.6513131546816,13.24,20284.2859883866,0
2022-08-17,27.3846153846154,18.2055708246002,10.1,20893.0909087163,0
2022-08-18,26.65,18.0024842316249,11.34,16670.420864011,0
2022-08-19,28.5545454545455,19.5758198731093,12.1,20316.9527094156,0
2022-08-20,28.5222222222222,19.9736923222976,13.05,20593.8457544955,0
2022-08-21,27.075,20.8317093785844,14.4,14034.9836083916,0
2022-08-22,28.0307692307692,21.6264058453121,15.5,14793.6082252747,0
2022-08-23,30.5666666666667,22.1645294923752,15.7,20868.1581976773,0
2022-08-24,30.0846153846154,21.6946716587506,14.8,20842.895653141,0
2022-08-25,26.2785714285714,21.3196443538731,16.5166666666667,20145.9486600899,0
2022-08-26,26.8222222222222,22.486325661518,19.45,15814.7921785714,0
2022-08-27,27.2,23.4313102052269,21.16,9749.5040728022,2.6
2022-08-28,24.05,22.5942317254365,21.44,2253.65815384615,13.6
2022-08-29,26.2,23.3024514438308,21.64,5544.38502147852,0.8
2022-08-30,27.7,23.7715311986864,20.75,8191.07445741758,6
2022-08-31,28.9142857142857,24.1678730000159,20.7444444444444,19585.6319290415,0
2022-09-01,28,23.9797344877345,21.35,11377.5771806943,0
2022-09-02,25.7285714285714,23.4054792826221,21.9,4589.84455819181,27.6
2022-09-03,29.0375,24.4465277777778,21,9303.26552060439,0.6
2022-09-04,27.0583333333333,21.1714851641414,15.55,21657.9849103397,0
2022-09-05,26.41,21.1358082896793,15.15,11228.1680630619,0
2022-09-06,28.3888888888889,23.1132415621818,19.1428571428571,12819.0365315934,0.6
2022-09-07,28.1692307692308,23.3242051343718,18.84,13630.9685907842,0.4
2022-09-08,30.01,24.1574031848766,18.6,21520.4034978992,0
2022-09-09,30.6166666666667,24.3071852182905,18.84,21328.4761760739,0
2022-09-10,31.55,24.8496000660096,19.4,19124.4195449771,0
2022-09-11,30.7444444444444,24.989343135497,19.8333333333333,21285.5713443982,0
2022-09-12,30.4444444444444,25.0825416571732,20.7833333333333,19981.2847239452,0
2022-09-13,30.2888888888889,24.6444816965696,18.85,22048.8003944805,0
2022-09-14,29.5909090909091,23.9680530031311,18.975,18148.6123305445,0
2022-09-15,30.3888888888889,24.2746571797378,18.5333333333333,18751.1353399689,0
2022-09-16,31.3071428571429,25.1151400335775,19.95,23207.2919841409,0
2022-09-17,32.59,25.1072330004511,19,22757.1979746503,0
2022-09-18,33.5666666666667,27.0679634047985,21.05,21853.6675302198,0
2022-09-19,31.37,26.6676856035379,21.9,17136.7203281939,1.6
2022-09-20,33.3,25.7676757733008,20.24,22728.8427853397,0
2022-09-21,32.85,25.8463215803109,20.65,22610.9001226274,0
2022-09-22,32.0818181818182,25.7307607416478,20.0833333333333,22724.5638203047,0
2022-09-23,31.7083333333333,26.186956856275,21.85,20982.9505398352,0
2022-09-24,31.9333333333333,25.6937101297395,20.42,18587.4245965285,0
2022-09-25,32.2444444444444,25.5191241068873,20.35,23015.9387112887,0
2022-09-26,30.9,25.0233807352948,20.6,15232.8855052448,0
2022-09-27,31.7416666666667,24.9335826407635,19.7833333333333,20881.8378461538,0
2022-09-28,31.7909090909091,25.6227151230412,20.45,20405.2022350223,0
2022-09-29,31.375,25.6748546643059,21.85,18078.5538427822,0
2022-09-30,31.3076923076923,24.8120611195886,18.1333333333333,22113.2911157592,0
2022-10-01,30.7909090909091,24.6192216412429,18.2,19893.1102912088,0
2022-10-02,30.775,24.9503129695872,18.3,22307.9876538462,0
2022-10-03,31.3888888888889,25.3427291178089,19.75,20873.4716598402,0
2022-10-04,31.6333333333333,24.9521168626695,20.9,15734.9169766484,2.4
2022-10-05,30.05,25.1048801802063,21.25,11838.2089547952,0.2
2022-10-06,31.1076923076923,25.6087851852254,21.05,14435.0142019231,1.6
2022-10-07,31.6833333333333,25.8829196552511,21.7666666666667,15147.3336593407,4.2
2022-10-08,30.7125,25.8921035697394,22.05,13319.8317811453,0
2022-10-09,32.6076923076923,26.4227609817084,20.45,22600.5920192308,0
2022-10-10,30.53,25.7397286631497,21.65,11774.7747115385,0.2
2022-10-11,32.825,26.9675136392878,21.45,21392.6960690559,0
2022-10-12,31.675,26.1343137296159,22.7571428571429,15474.1122886231,2.2
2022-10-13,30.4846153846154,25.6534965713955,21.95,17822.7199060939,3.2
2022-10-14,31.3,24.3433842604155,20.0333333333333,14941.4706299436,1.2
2022-10-15,32.8333333333333,25.7762550994406,19.5,23615.275407967,0
2022-10-16,32.2142857142857,25.601544324097,20.65,22528.8287890859,0
2022-10-17,32.55,26.0782980642289,20.7714285714286,22767.2668117397,0
2022-10-18,33.0666666666667,26.3836082674792,20.85,23347.3145158591,0
2022-10-19,33.8181818181818,26.7442603752281,20.8,16136.3551810763,1
2022-10-20,33.07,27.9199143006752,22.75,21823.2782416334,5
2022-10-21,30.7666666666667,25.5380107682305,22.7,10992.5991675824,14
2022-10-22,34.48,27.4828781064614,22.15,24665.1387333916,0
2022-10-23,32.1333333333333,27.9242983066316,22.2777777777778,22997.5680104895,0
2022-10-24,32.1636363636364,28.9699950081847,24.2,23207.288270979,0
2022-10-25,32.3076923076923,28.4576447984512,23.8428571428571,22779.4393804945,0
2022-10-26,33.0454545454545,28.2227127541489,23.6142857142857,20257.9224672607,106.8
2022-10-27,32.2692307692308,26.6630896079229,23.4,11866.4028952298,8.2
2022-10-28,32.2777777777778,27.4704125292556,22.86,22396.0552034216,0.8
2022-10-29,34.7272727272727,28.639543478094,22.15,24489.604261988,0.4
2022-10-30,33.26,28.5399469793492,24.55,21900.9092748501,0
2022-10-31,32.8,26.2004179327617,23.95,3112.27542857143,0
2022-11-01,NA,NA,NA,0,0
2022-11-02,NA,NA,NA,0,0
2022-11-03,NA,NA,NA,0,0
2022-11-04,NA,NA,NA,0,0
2022-11-05,NA,NA,NA,0,0
2022-11-06,NA,NA,NA,0,0
2022-11-07,32.4666666666667,28.7899571529835,25.5,13805.06125,0
2022-11-08,32.4818181818182,27.2091036098405,21.7,19033.8991408371,0
2022-11-09,31.7714285714286,26.8098749350065,21.9,20348.3767887847,0
2022-11-10,31.15,26.3823447955553,21.55,15278.550717033,0.4
2022-11-11,32.13,26.01425633723,19.84,22709.6936309279,0
2022-11-12,32.1555555555556,26.0361983731399,20.45,20022.7124468032,0
2022-11-13,32.6454545454545,26.3240015658101,20.38,24952.0171161118,0
2022-11-14,32.8090909090909,27.3364240548723,20.4,21860.3568337912,0
2022-11-15,33.0818181818182,27.6993206121835,22.65,20908.985212038,0
2022-11-16,33.2222222222222,27.7530261142366,22.74,21722.0642382617,0
2022-11-17,34.51,26.9133359272307,18.95,23409.2935909091,0
2022-11-18,33.8846153846154,27.8721289496555,21.6,24498.135510989,0
2022-11-19,34.6090909090909,28.5448903660442,22.6428571428571,23842.6899133367,0
2022-11-20,33.625,28.3940839685345,24.95,14126.184891983,0
2022-11-21,33.5333333333333,28.9490619164786,24.9428571428571,17310.5047860963,0
2022-11-22,35.7545454545455,29.0275717367124,23.8,22314.8535865385,0
2022-11-23,35.05,28.8236635202859,23.3,25164.8367207792,0
2022-11-24,35.24,28.4230693493498,23.55,12884.4835616883,0
2022-11-25,33.0818181818182,27.8935227959175,23.55,11489.7268044456,0.6
2022-11-26,34.4545454545455,28.3821961495295,23.74,20528.2353044456,0
2022-11-27,33.4923076923077,28.1909854284292,24.14,17497.9209815185,0
2022-11-28,31.8555555555556,26.7306023521933,24.34,11390.9674682817,6
2022-11-29,34.0666666666667,27.7414039097104,23.55,15949.7140519481,60.2
2022-11-30,33.4375,26.5312995734424,23.5,13988.8512253996,63.6
2022-12-01,30.1125,25.6273579044412,23.35,8434.27240906887,7.2
2022-12-02,30.7,25.8063486000714,21.25,17188.2576638362,0
2022-12-03,31.0222222222222,25.9681469141359,20.84,13482.3863200549,0
2022-12-04,31.525,25.790583238399,21.4333333333333,15013.2391432318,0.2
2022-12-05,32.8583333333333,26.2000668103826,20.0333333333333,25508.9888301698,0
2022-12-06,33.5375,26.2854204306332,19.54,26892.5008615135,0
2022-12-07,33.3444444444444,26.1497064003248,19.1333333333333,26896.8010590659,0
2022-12-08,32.4181818181818,26.1315392880715,19.85,26397.2716358641,0
2022-12-09,32.3777777777778,27.131932482722,21.05,25689.96546004,0
2022-12-10,33.925,28.473744415715,25.1333333333333,15455.6806383469,1
2022-12-11,34.3416666666667,28.8701619636402,23.4571428571429,23369.6588337912,0
2022-12-12,34.2444444444444,28.3353416684049,22.5333333333333,19599.4872681069,0
2022-12-13,32.0555555555556,28.0154039031458,24.15,12980.213776973,0
2022-12-14,33.54,28.8825137581717,24.2,21716.6784729021,0
2022-12-15,35.6733333333333,29.7291676952275,24.3333333333333,24129.9099120953,0
2022-12-16,34.4384615384615,28.9444724961029,23.6333333333333,23167.4395302198,0
2022-12-17,32.8666666666667,27.7528964686108,24.28,15806.8812282717,10.2
2022-12-18,31.13,26.1324744897959,23.95,13225.3269725275,14.4
2022-12-19,31.8307692307692,25.9605789349539,22.9,11488.1276703297,10.4
2022-12-20,27.9444444444444,24.7374763908931,23.1333333333333,9008.38714098402,38.4
2022-12-21,29.62,25.8667952096213,22.54,12295.0480389243,1.8
2022-12-22,30.1625,26.213956254272,22.25,11871.0754532967,0.8
2022-12-23,31.7,27.1958859227193,23.1666666666667,8729.01455769231,0
2022-12-24,32.7,27.828253929042,24.55,16792.147500617,0.4
2022-12-25,30.45,26.5444957693821,24.25,9444.93125686813,5.4
2022-12-26,32.6363636363636,26.199487498453,23.44,9902.33572427572,20.6
2022-12-27,30.1555555555556,25.7160123816158,23.5444444444444,11548.1152022463,15.2
2022-12-28,27.69,24.9835057634165,23.25,8700.07731593407,17.4
2022-12-29,32.4076923076923,27.2065798358268,22.9,11688.667001616,12
2022-12-30,33.99,27.3926594917428,23.1,17781.6375471881,5.4
2022-12-31,34.24,26.6823169291026,21.2333333333333,16758.094786963,15.4
2023-01-01,33.4375,27.6365430467465,22.75,19639.0587949036,2.6
2023-01-02,34.5,27.1944827893704,24.3,11661.7785666833,14.4
2023-01-03,32.67,26.5840930194634,23.65,12211.5733201798,3.6
2023-01-04,31.67,26.5248289586231,23.65,17439.3497009241,33.2
2023-01-05,31.7666666666667,27.5072388116354,23.65,13184.478646978,2.6
2023-01-06,31.63,27.4883582222375,24.7333333333333,9360.42241981548,5.4
2023-01-07,32.1285714285714,26.6472722826036,23.3,11937.5469271978,15.6
2023-01-08,32.3909090909091,27.3067737945324,22.75,15315.6997553696,9.4
2023-01-09,34.5909090909091,28.3100523119557,24.04,19686.7753703796,0
2023-01-10,32.3666666666667,28.0516073256012,24.8,13872.367282967,0.8
2023-01-11,33.6583333333333,28.8256996842109,24.7375,21404.5399739011,0
2023-01-12,33.5833333333333,28.0626368770119,24.25,19321.9221778222,5
2023-01-13,31.0272727272727,25.662221290842,24.2428571428571,7587.67172827173,45.6
2023-01-14,31.6076923076923,27.0973630621779,24.05,10682.24751998,8.4
2023-01-15,32.5846153846154,27.9231664005051,24.14,19131.919893577,11.2
2023-01-16,33.1,28.0249314785456,24.65,19979.3354724761,22
2023-01-17,34.0333333333333,28.1792770673771,24.64,13567.8412387612,57
2023-01-18,28.4111111111111,25.6282728684359,24.3333333333333,5153.25370467033,25.4
2023-01-19,30.83,26.4426594437309,23.6333333333333,9416.81905207293,0
2023-01-20,33.1416666666667,27.0507976981647,22.1428571428571,16907.8695553784,0
2023-01-21,33.0545454545455,26.9105407493741,21.45,20435.3088705045,0
2023-01-22,32.4166666666667,26.8083609957294,22.34,15746.877614011,2.2
2023-01-23,32.4461538461538,27.1347423055668,22.5333333333333,22933.1716968032,0.2
2023-01-24,33.3111111111111,27.1526983342744,22.14,17271.2009423077,0.8
2023-01-25,34.3888888888889,27.760102344464,22.04,22316.2724340659,0
2023-01-26,33.4636363636364,28.1767073188983,23.75,16925.3732352647,2.8
2023-01-27,33.275,27.4527338670887,24.25,12950.6530913866,34.6
2023-01-28,32.9454545454545,27.9298502246817,24.8,16182.4524024725,13
2023-01-29,33.5285714285714,27.9126994412592,24.82,16213.8334963786,32.4
2023-01-30,32.67,26.9214134163328,23.6666666666667,11392.8770383367,41.4
2023-01-31,33.2076923076923,28.1404655714656,24.65,17811.0558436637,0
2023-02-01,34.7642857142857,29.131680370457,25.95,14149.3664509241,0
2023-02-02,35.37,30.344266695293,26.48,20198.6192243125,0
2023-02-03,33.8272727272727,29.8352165947478,25.55,21586.907921527,9.4
2023-02-04,33.8833333333333,29.1185223515561,24.9333333333333,17130.7856261239,10.4
2023-02-05,33.14,28.0806224994812,25.55,11634.3498712537,45
2023-02-06,32.9,28.5442522526314,25.34,15273.3236483149,7.4
2023-02-07,34.8454545454545,29.0839789348383,24.05,18014.8366037051,0.4
2023-02-08,34.5181818181818,28.9026208177787,24.65,18279.1338396089,0.8
2023-02-09,35.3416666666667,28.7551703670725,23.6,19304.5928076923,2.6
2023-02-10,31.5428571428571,26.9286909977573,24.45,10964.9687543706,3
2023-02-11,34.0909090909091,28.5220735849668,23.7428571428571,21722.7469038462,0
2023-02-12,34.3,27.9910817145817,22.7333333333333,21430.2539810924,0
2023-02-13,33.7833333333333,28.0636243246418,23.8,13071.3092693556,0
2023-02-14,33.0857142857143,27.6694613074264,23.55,9675.63572127872,12.8
2023-02-15,32.4363636363636,26.3963968901469,22.65,11165.8766404845,20.4
2023-02-16,26.75,24.4776713352007,22.4333333333333,1827.41096603397,56.2
2023-02-17,27.3,24.8445524956971,23.1571428571429,3905.65861413586,25
2023-02-18,32.9538461538462,27.170825837842,23.4333333333333,16388.027853022,7.2
2023-02-19,31.4,25.815050686861,23.15,12245.548875,7.8
2023-02-20,32.9222222222222,26.4083866377822,22.44,17495.7200982767,7
2023-02-21,33.65,27.2330010991424,22.225,17268.2773100649,0
2023-02-22,30.775,25.3546747666909,23.2428571428571,11292.9482495005,6.6
2023-02-23,32.3875,26.7347054423118,22.7,16261.3800782967,1.4
2023-02-24,32.28,26.7735870652444,23.4,15081.7556208791,4
2023-02-25,29.4384615384615,25.2366492319941,23.25,10529.0769533628,79
2023-02-26,30.1,25.5996422198071,23.7444444444444,7496.79491021479,24.6
2023-02-27,32.75,26.7395559656393,23.4428571428571,15147.875923951,13
2023-02-28,33.8636363636364,27.0215473010136,23.0333333333333,16867.5972955794,2
2023-03-01,33.5111111111111,27.70462366909,23.05,20794.5879751499,1.6
2023-03-02,34.8692307692308,26.9852223037379,20.675,24447.2404861389,0
2023-03-03,33.54,26.6577717465749,19.6,24012.6666964286,0
2023-03-04,32.63,27.8966717074135,23.55,19672.1693406593,1.6
2023-03-05,28.8909090909091,24.544077666913,23.1666666666667,6581.0589758991,56.6
2023-03-06,29.5833333333333,25.4785372831303,23.6,7683.42568169331,162.8
2023-03-07,32.46,27.5584735846483,23.75,16594.0743914835,12.4
2023-03-08,30.925,25.7939235561187,24.04,6926.3535206044,4.2
2023-03-09,31.9,29.1963401105068,26.86,7190.94192396574,0
2023-03-10,32.8142857142857,28.1045173464528,23.2333333333333,23859.3988342173,0
2023-03-11,34.9090909090909,28.7297342561859,23.85,23540.3104441808,0
2023-03-12,33.84,28.4030052338667,24.24,22171.887853426,0
2023-03-13,33.3555555555556,28.4451522759902,24.45,20424.4718492757,0
2023-03-14,35.3833333333333,28.7311689496521,23.6,18705.5908249251,0
2023-03-15,34.575,28.2337727356276,23.1444444444444,20084.2703975216,0
2023-03-16,34.1846153846154,28.1001392056012,22.65,20110.8523479021,0
2023-03-17,34.22,28.10212522381,23.25,18556.6230112388,0
2023-03-18,33.21,27.1650506113272,22.95,19517.1596634615,6
2023-03-19,30.9111111111111,26.074620538192,24.0666666666667,8697.43464746283,19
2023-03-20,32.8230769230769,27.2397083647347,22.9,17827.7451581066,12.2
2023-03-21,28.675,24.8707103976271,23.7428571428571,4803.05949575425,54.4
2023-03-22,30.975,25.5983583488271,23.15,13843.1648601325,13.4
2023-03-23,30.9666666666667,25.6656522658628,23,8308.20050162338,22
2023-03-24,31.0166666666667,25.7074360913877,22.3666666666667,14004.9579244505,15.6
2023-03-25,32.33,26.1746210211533,21.64,20425.5663898601,0
2023-03-26,32.6,26.9194550730035,21.4333333333333,20254.4008944805,0
2023-03-27,33.2090909090909,26.7179760368067,21.1,20277.63764498,0
2023-03-28,32.77,26.0582679591471,20.6,21621.8063646354,0
2023-03-29,33.1454545454545,26.5528879955742,21.4333333333333,17726.956393981,0
2023-03-30,33.8230769230769,26.7760675502543,21.6,18565.9245674326,0
2023-03-31,32.5846153846154,26.6588950213401,21.8444444444444,19060.7324815185,0
2023-04-01,32.6636363636364,27.6670845574179,23.6,19150.6655357143,0
2023-04-02,33.2307692307692,27.6564556353293,22.75,17951.2561652098,0
2023-04-03,34.11,27.8030625714865,23.1333333333333,18106.0185260989,0
2023-04-04,35.1333333333333,27.9365138067061,22.15,20131.1311936813,0
2023-04-05,34.99,28.0551957516168,23.75,17496.9706476024,0.2
2023-04-06,34.0461538461538,27.9104932430207,22.7,20217.7203005818,0
2023-04-07,34.375,28.0383101590439,22.8,20630.189293956,0
2023-04-08,33.3142857142857,28.5669631184033,23.6,20280.0940554446,0
2023-04-09,34.77,28.4586049540737,21.4,15339.4708924825,0
2023-04-10,34.48,27.971847306133,20.85,19959.3619217033,0
2023-04-11,34.1428571428571,28.4792329923163,24.04,19531.214146978,0
2023-04-12,34.1818181818182,28.0395495402942,22.7333333333333,19848.0704612887,0
2023-04-13,33.9444444444444,28.4325320851988,24,20045.0863681319,0
2023-04-14,33.82,27.8328318664609,22.6333333333333,19715.2009124625,0
2023-04-15,36.4285714285714,29.0621807270743,23.5,19986.4991991758,0
2023-04-16,34.71,28.1939732579249,23.4333333333333,15744.0674835165,0
2023-04-17,31.25,25.4776539348186,23.5,6217.29790234765,20.4
2023-04-18,28.6857142857143,25.0410097371764,22.35,9014.79491583417,0
2023-04-19,29.1625,24.4101831320853,21.4333333333333,10179.2525138979,3.6
2023-04-20,31.6846153846154,25.8607620515685,20.7,17718.0237779794,0
2023-04-21,31.0714285714286,26.7535052199263,23.8,15721.5687930819,0
2023-04-22,30.8285714285714,26.26585230182,23.1,14566.2317873377,23.4
2023-04-23,29.2428571428571,24.7884658698789,22.74,10057.0380963889,20
2023-04-24,27.5076923076923,24.2360913399623,22.7333333333333,5988.66885746606,53
2023-04-25,28.4444444444444,24.1349431278598,21.7857142857143,10012.5414148352,16.6
2023-04-26,30.3875,25.1917756645982,20.95,17491.2659747899,1.8
2023-04-27,29.95,25.0058121980676,21.125,13927.540083042,0
2023-04-28,31.3333333333333,25.8068285953812,20.86,17436.0861398601,0
2023-04-29,32.7636363636364,24.821477538665,19.55,18876.4408827423,0
2023-04-30,31.7,24.9010269694844,19.05,16979.7080328054,0
2023-05-01,32.85,25.7919663669664,21.45,17456.6185913866,0
2023-05-02,32.2125,26.3230928718832,20.95,15830.8195837912,0
2023-05-03,30.4428571428571,26.5232034632035,23.7428571428571,9743.5831535964,0.2
2023-05-04,30.3461538461538,26.0683445079413,23.1166666666667,14966.4675906593,0
2023-05-05,30.7,25.1695258666454,19.8333333333333,15634.0756311189,0
2023-05-06,31.0428571428571,25.6675754771849,20.64,14241.229591034,2.4
2023-05-07,30.8933333333333,26.02961996337,22.8666666666667,12065.9440995255,0
2023-05-08,30.2888888888889,25.5941408957343,22.36,14879.3141408591,0
2023-05-09,27.2333333333333,23.1253768977936,14.95,17904.0563131868,0
2023-05-10,27.4545454545455,20.9530205992838,14.05,16954.6355733531,0
2023-05-11,28.275,23.0162105418222,17.1,11426.958487799,1
2023-05-12,27.75,24.2189216667442,21.85,9845.12082020186,4.4
2023-05-13,28.4555555555556,23.9583035462706,21.34,10287.4643306693,30.2
2023-05-14,30.38,25.3271975660274,21.2666666666667,14747.5603043574,0
2023-05-15,31.05,25.4606300599985,21.4,12483.3695060087,0
2023-05-16,32.7545454545455,25.7361461394885,21.1,13656.1909574176,0
2023-05-17,29.62,24.6380320977332,21.05,9817.91682317682,0
2023-05-18,29.5833333333333,23.7479245442448,18.75,13943.639292744,0
2023-05-19,28.98,21.1942237608727,14.8333333333333,17669.993812511,0
2023-05-20,30.1,21.1445070330904,13.66,17661.6269806444,0
2023-05-21,28.4777777777778,22.0823618580002,16.1333333333333,14730.9672824675,0
2023-05-22,27.3818181818182,21.4809445028656,15.85,16294.8016770215,0
2023-05-23,27.09,22.6515820438427,18.9,13780.7135633705,0
2023-05-24,25.3333333333333,21.7311244189266,20.0428571428571,9457.40185989011,9.2
2023-05-25,27.0833333333333,22.5732397281081,19.78,8366.68341895604,2.4
2023-05-26,28.925,22.7290316846896,17.5333333333333,14102.0547677323,0
2023-05-27,29.9285714285714,21.6831832698856,15.3714285714286,16797.6242793457,0
2023-05-28,29.8777777777778,21.5575794614742,16.2333333333333,14727.5710352001,0
2023-05-29,27.9076923076923,19.4740149832437,12.85,16360.7533516484,0
2023-05-30,27.78,20.3220615320352,12.7,17313.0599505495,0
2023-05-31,28.8857142857143,22.8090694583195,17.25,12182.9171607143,0
2023-06-01,28.5875,22.8123009709589,17.8333333333333,12077.3294152098,0.4
2023-06-02,30.175,22.7714576388524,17.5444444444444,15196.8704629121,0
2023-06-03,30.4166666666667,24.3613258963259,19.5833333333333,13472.0142878959,11.4
2023-06-04,28.9,24.2474578723745,21.75,10432.4120837912,7.6
2023-06-05,28.7285714285714,24.3785503415666,22.2333333333333,10393.8076442308,2.4
2023-06-06,26.21,23.7393294096665,22.2,6824.38033966034,6.4
2023-06-07,29.4222222222222,24.4016777334984,21.8,14112.0151985514,5.2
2023-06-08,29.4363636363636,23.1814500674764,18.4333333333333,13810.2229425574,0
2023-06-09,28.69,22.10353207319,16.74,13192.1239488012,0
2023-06-10,27.56,22.2206801446711,17.04,12352.2258846154,0
2023-06-11,28.5,22.855177575782,20,11128.3405762987,3.4
2023-06-12,30.3416666666667,23.7528088169141,19.4,14134.5225,0
2023-06-13,27.8153846153846,22.395544774819,19.04,8984.85908653846,0
2023-06-14,30.3111111111111,22.6364928739122,18.25,12876.5004597902,0.2
2023-06-15,29.2090909090909,22.3243484234442,17.15,13121.3639741508,1.6
2023-06-16,30.4266666666667,23.2494560156279,18.2333333333333,15967.1279450549,0.6
2023-06-17,28.77,22.2820902815134,19.2,7335.03306518481,2
2023-06-18,28.3857142857143,22.3971691800263,17.95,9772.26190659341,0.2
2023-06-19,29.3166666666667,21.86787685983,16.75,14384.8607002997,0
2023-06-20,29.35,21.855546953047,16.44,13771.6578840351,0
2023-06-21,30.1857142857143,21.8498644381934,16.5333333333333,13257.8946915584,0
2023-06-22,28.7285714285714,21.8904035847194,17.95,7091.74524720867,0.2
2023-06-23,29.7375,22.3376290913388,17,13115.6912937063,0
2023-06-24,30.01,21.7786959093538,15.55,14109.0730221029,0
2023-06-25,30.1777777777778,22.8320785793154,18.08,13084.1271447303,0
2023-06-26,28.4888888888889,22.4958062859127,18.1,12216.5689308192,0
2023-06-27,30.0222222222222,22.8163221500721,17.98,15550.1823599929,0
2023-06-28,30.9555555555556,22.5845480542849,17.6333333333333,15860.7422051184,0
2023-06-29,30.85625,22.0577719094631,16.0285714285714,14193.5048185564,0
2023-06-30,29.6555555555556,22.3451464903078,16.98,13459.3750302198,8.8
2023-07-01,26.9,22.0335342651176,20.5333333333333,6466.56971965535,21.6
2023-07-02,28.1416666666667,22.6058455433455,19.65,11480.8925596903,1.4
2023-07-03,24.76,22.903385361552,20.95,2528.03737837163,20.6
2023-07-04,29.87,25.2300679088179,23.05,8030.95116634836,17.2
2023-07-05,29.4,24.7435847089419,21.2,8785.08360464536,0
2023-07-06,31.9142857142857,25.3903190924965,21.65,13536.795782967,1
2023-07-07,27.9571428571429,23.1299084025808,18.3,8885.37792757243,3
2023-07-08,28.23,22.3722041041396,17.4,13569.6945487233,0
2023-07-09,26.9,22.9010122855181,20.05,9413.34717689663,0
2023-07-10,27.425,22.7049219877345,18.0666666666667,13632.3212127872,0
2023-07-11,26.7888888888889,23.549651986902,21.0333333333333,8039.00847527473,0
2023-07-12,28.72,23.2920914181398,18.9,12812.6362263986,0.8
2023-07-13,26.3375,22.118605497067,19.68,8795.07863399101,11
2023-07-14,27.7142857142857,22.880319574043,19.96,13420.5555824176,8.2
2023-07-15,27.9166666666667,22.5484600266632,18.9166666666667,12668.4871206955,4.4
2023-07-16,26.3545454545455,21.5160865070919,17.75,10237.9166456044,16.8
2023-07-17,28.7357142857143,22.7066944046292,19.5,15254.7274038462,6.8
2023-07-18,28.9307692307692,23.1848036641721,18.2,15932.4353552697,0
2023-07-19,29.8571428571429,23.4290397250504,18.3,14919.8175634733,0
2023-07-20,28.4818181818182,23.6486622952211,19.6666666666667,11604.285717033,0
2023-07-21,28.8615384615385,22.7533946729599,18.5,11453.3335144855,0
2023-07-22,29.85,21.6297948236135,15.35,17460.0622196553,0
2023-07-23,28.7181818181818,21.2336874923165,16.55,13567.7367181054,0
2023-07-24,25.3916666666667,18.7550231369586,12.5,15153.7016774476,0
2023-07-25,24.9153846153846,17.7521263107709,10.15,13571.5562678571,0
2023-07-26,25.825,21.1277430715352,18.38,5733.00745517718,20.4
2023-07-27,25.57,21.530227622756,19.3428571428571,9529.74842457542,5
2023-07-28,27.61,21.9353320037191,17.5333333333333,12295.7912307692,0.4
2023-07-29,26.67,21.7797046140994,17.35,12684.5588489011,0
2023-07-30,27.6375,22.8366125453494,19.4571428571429,13922.5666853147,0
2023-07-31,26.9142857142857,20.5188794095975,16.2,10052.7535635027,1.2
2023-08-01,27.0571428571429,21.4052828279844,16.4,14327.1606881868,0.2
2023-08-02,26.125,21.3182707897596,18.8,7703.66108241758,17
2023-08-03,27.2166666666667,21.6945193486323,19.35,12410.5605586179,7
2023-08-04,26.1375,21.3398716640958,18.8571428571429,9532.93604120879,13.2
2023-08-05,25.6666666666667,21.3137043917381,18.44,11574.4335634659,13.6
2023-08-06,25.3125,21.0396382564804,17.9,13801.9204120879,0.6
2023-08-07,26.6875,21.1835577580314,16.55,10495.1789739011,0
2023-08-08,24.0333333333333,20.7279916183108,16.325,6634.36763361638,4.8
2023-08-09,25.5181818181818,20.5478193792024,14.9,11645.2246304945,0.4
2023-08-10,27.225,21.4205188664763,18.2428571428571,15033.1316422989,12.4
2023-08-11,27.7333333333333,21.9683703780957,17.68,16711.0426550949,0.6
2023-08-12,27.6545454545455,21.185644754182,16.25,15743.3353871276,0
2023-08-13,28.2,20.9672878291299,13.8333333333333,17929.451979021,0
2023-08-14,28.7083333333333,19.580595084892,12.4,19564.6412426324,0
2023-08-15,28.7666666666667,19.8477804346953,13.55,19712.0416195055,0
2023-08-16,29.2222222222222,19.5940925856551,12,19897.4698626374,0
2023-08-17,30.5307692307692,20.1523629849682,13.5,19474.8484107143,0
2023-08-18,29.1727272727273,20.7144190213721,14.3,19367.7782925824,0
2023-08-19,28.5272727272727,20.0583623393389,13.5333333333333,18886.2452727273,0
2023-08-20,26.89,19.7984261381893,13.5166666666667,18593.5517790959,0
2023-08-21,28.4363636363636,21.4386826743858,15.2,16791.117301926,0
2023-08-22,27.9818181818182,20.9602305015586,15.85,14186.0186498061,0
2023-08-23,29.2,22.4506750541126,17.0428571428571,18244.842479851,0
2023-08-24,28.5615384615385,22.541170408867,17.7,11626.4093962214,0
2023-08-25,27.8625,23.1565131522518,19.45,19875.7380700549,0
2023-08-26,25.15,20.722549001924,18.75,8416.45433166833,3.2
2023-08-27,27.1153846153846,22.404376468812,19.05,16965.455793956,4.8
2023-08-28,27.2916666666667,22.5023732524785,19.55,15074.5533930334,0
2023-08-29,28.8636363636364,21.1267437036648,14.48,19284.3888207528,0
2023-08-30,28.9083333333333,20.0042287139943,13.25,19285.1801973027,0
2023-08-31,29.7727272727273,20.7311267869557,14.4285714285714,20903.7428808618,0
2023-09-01,30.3333333333333,21.1218973657921,14.45,21260.7865111139,0
2023-09-02,29.6222222222222,21.5389761086866,15.9,20586.3490736323,0
2023-09-03,29.0642857142857,21.5241614591083,15.9,20798.3450792369,0
2023-09-04,29.1444444444444,21.4553502255846,15.6,21254.1014225113,0
2023-09-05,28.9,21.568789096868,15.82,20584.4708448978,0
2023-09-06,29.4307692307692,22.4081568980788,15.85,20780.7009757448,0
2023-09-07,29.225,24.3898962741378,21.65,9274.4129753188,0
2023-09-08,28.7444444444444,24.8265956767463,21.8333333333333,9250.07934612446,0
2023-09-09,30.1444444444444,25.545414594271,21.78,19228.2145592716,0
2023-09-10,28.95,24.6236436094769,21.1,14617.1809284466,0
2023-09-11,27.27,23.117755746027,19.5833333333333,12508.4981282321,0
2023-09-12,27.7090909090909,22.9275584226648,20.2,19442.6352059191,0
2023-09-13,25.9444444444444,22.0737108918561,18.4,15937.7914584753,0.2
2023-09-14,28.11,22.9624739646319,16.4833333333333,22503.7986029045,0
2023-09-15,27.9454545454545,22.2842692145817,16.25,19631.4839330669,0
2023-09-16,28.1166666666667,22.7490523011268,19.0666666666667,17224.7998257111,0
2023-09-17,28.975,22.7924476509154,16.8,16807.4795731768,0
2023-09-18,25.8444444444444,21.4444326211613,18.6,8484.67895342158,16.2
2023-09-19,29.175,22.5108248400536,18.04,14303.0268528971,0.2
2023-09-20,30.1714285714286,23.3674852428273,18.2666666666667,20023.1973396089,0
2023-09-21,31.25,22.9483453352203,16.25,22015.4729597829,0
2023-09-22,30.4416666666667,21.7837298695457,13.3333333333333,21183.2824111844,0
2023-09-23,28.8416666666667,22.943541374993,16.9,15219.6057123465,0
2023-09-24,28.4125,23.7207460806102,20.5,22753.3124041694,0.6
2023-09-25,25.8,21.5375970534842,18.2,12170.091799693,2
2023-09-26,27.2666666666667,21.9317794603058,18.1333333333333,14575.1171483516,4
2023-09-27,29.34,23.3534392941574,18.4333333333333,21724.8473789152,0.6
2023-09-28,29.4,23.9792886330537,19.6,17320.0383158973,0
2023-09-29,28.5555555555556,24.0734846886206,18.6333333333333,19052.3876315449,0
2023-09-30,28.74,23.6908506973351,19.35,17627.4786936079,0
2023-10-01,29.11,23.0932682087924,18.3,19656.9664296953,0
2023-10-02,29.91,23.8786835698633,17.95,18749.7179010989,0
2023-10-03,30.8222222222222,24.5741600709232,19.75,20575.0917387319,0
2023-10-04,30.4357142857143,24.7499531290223,20.6333333333333,17923.0575633117,0
2023-10-05,31.6416666666667,24.5936687473406,19.05,21462.7654667832,0
2023-10-06,32.0727272727273,25.2598752949559,18.45,20745.0083159341,0
2023-10-07,30.64375,25.5584543367389,21.07,17996.4821717033,0.4
2023-10-08,28.86,24.0190399679685,20.825,18162.4750968811,2.4
2023-10-09,27.5928571428571,22.2008016097378,19.325,14833.4022733516,1.4
2023-10-10,29.9615384615385,23.4900410758223,18.7,19075.0221162367,0
2023-10-11,30.5545454545455,24.3510684578579,18.25,23717.5461203135,0
2023-10-12,30.2111111111111,25.4472898629149,21.24,23440.6270755495,0
2023-10-13,31.6714285714286,23.328319042069,16.85,20353.4581491009,0
2023-10-14,31.6285714285714,23.4323731621388,16.6,24695.3137009241,0
2023-10-15,31.74,23.4113578840141,17.3444444444444,23955.7365605204,0
2023-10-16,31.6363636363636,23.5720154151404,17.4666666666667,24192.4229752747,0
2023-10-17,31.7583333333333,23.8780900783245,17.15,23499.2918109537,0
2023-10-18,30.4818181818182,24.7244756325546,18.1333333333333,19724.988785964,0
2023-10-19,30.0454545454545,25.0906207379577,18.7833333333333,16979.0226748105,0
2023-10-20,30.8,23.5299453003137,17.4333333333333,23649.7042788462,0
2023-10-21,30.91,23.532653907496,17.4,21638.360550097,0
2023-10-22,31.0545454545455,23.6723637213481,17.25,25185.2601417333,0
2023-10-23,30.6714285714286,24.3225414400414,18.15,24334.636158562,0
2023-10-24,30.8090909090909,24.4685053017158,18.38,23114.5427438811,0
2023-10-25,30.8818181818182,24.3722147680924,18.4,23181.0309478022,0
2023-10-26,32.3090909090909,25.985400997151,19.5,25000.9580001763,0
2023-10-27,33.06,25.7790956412009,19.4,23847.6767818505,0
2023-10-28,31.35,25.623763332627,21.1166666666667,11615.4943118132,0
2023-10-29,28.2625,23.9200769976551,19.1,7739.44475,0
2023-10-30,30.5625,25.1330952499038,18.4833333333333,23573.9414098255,0
2023-10-31,30.5071428571429,23.7792861212861,16.7,24241.2858261738,0
2023-11-01,30.77,23.9292467061015,17.04,23650.8108434066,0
2023-11-02,30.2,24.3167156559092,17.3,19591.3729211671,0
2023-11-03,31.95,25.9304551248507,20.85,19038.8623647602,0
2023-11-04,30.79,25.0090808702897,20.45,17046.9035975275,0
2023-11-05,31.1545454545455,25.8117988807882,21.2333333333333,19287.8782542751,0
2023-11-06,31.4692307692308,25.2820972828341,19.94,19160.5043172269,0
2023-11-07,29.4444444444444,24.5024883241012,19.95,9517.36890780543,0
2023-11-08,30.3692307692308,25.7986615512147,20.85,12567.9731072824,0
2023-11-09,31.6230769230769,25.3251951498794,19.9,17163.0260029382,0.2
2023-11-10,31.6777777777778,25.1428431645187,20.0444444444444,21527.5057907093,0
2023-11-11,32.14,25.7588071188071,19.5666666666667,24081.5356147309,0
2023-11-12,30.7083333333333,24.6925956733325,19.35,19231.8933641138,0
2023-11-13,30.825,24.3465894059644,19.1,16176.366708064,0.2
2023-11-14,31.1538461538462,24.3784246453778,18.5,19556.9920668743,0
2023-11-15,31.4666666666667,25.4748072965047,18.0333333333333,26207.7780302198,0
2023-11-16,31.2416666666667,24.9648275798276,19.35,24927.8110785465,0
2023-11-17,30.0666666666667,24.5019991528939,18.95,25121.3318983516,0
2023-11-18,31.0909090909091,26.2428339479669,20.54,22449.5511057692,0
2023-11-19,32.3222222222222,26.7508291477041,20.8333333333333,20496.0351274975,0
2023-11-20,32.4833333333333,26.8034033141291,20.85,22171.15447883,0
2023-11-21,31.8076923076923,27.714452738273,24.15,12731.5706547937,0.4
2023-11-22,33.2181818181818,27.611196050067,23.1,18561.8171456044,0
2023-11-23,32.1888888888889,26.9911099136371,22.2,12673.6669203297,1
2023-11-24,29.7,25.2531769135983,23.3,8743.25720476582,4.4
2023-11-25,32.3111111111111,26.8913319575162,22.5666666666667,18604.5880607628,0
2023-11-26,31.3111111111111,26.2622200678652,23.1,10239.6673598901,1.8
2023-11-27,32.6083333333333,27.2359203359772,23.25,18300.3938927543,0.4
2023-11-28,32.2,27.6850754257819,23.3333333333333,15487.2565416348,0
2023-11-29,33.03,28.5091306005822,24.35,20874.9478906755,0
2023-11-30,32.93,27.753367658764,24.025,20548.0381172577,0
2023-12-01,33.6,28.6321772332606,24.15,20113.5337376374,0
2023-12-02,33.2785714285714,28.3145851614808,25.3,14496.448904779,1
2023-12-03,33.3928571428571,28.8971876874686,25.45,18749.1634847432,0
2023-12-04,33.8071428571429,28.3902792863165,23.34,23348.6963543442,0
2023-12-05,34.9076923076923,28.9318394120976,23.025,20452.561682707,0
2023-12-06,33.7777777777778,28.7790868941933,23.55,22189.764842033,0
2023-12-07,31.9333333333333,26.79379443547,21.45,12889.7731607143,0.4
2023-12-08,33.5714285714286,26.181794241515,21.45,17369.7161538462,1.2
2023-12-09,32.2090909090909,26.7797897256408,20.45,14567.7404464286,0
2023-12-10,34.1625,27.5664720710731,20.4,18983.0002012987,0
2023-12-11,32.0166666666667,24.3099732886161,21.1222222222222,3118.81369670036,0
2023-12-12,NA,NA,NA,0,0
2023-12-13,NA,NA,NA,0,0
2023-12-14,NA,NA,NA,0,0
2023-12-15,NA,NA,NA,0,0
2023-12-16,NA,NA,NA,0,0
2023-12-17,NA,NA,NA,0,0
2023-12-18,29.9714285714286,27.2622403820285,23.7444444444444,7478.56496703297,0
2023-12-19,31.3166666666667,26.96180786268,23.85,16440.1322888141,12.2
2023-12-20,31.7846153846154,27.2164232775771,23.3,20409.2151472865,0
2023-12-21,32.7,27.3911186620397,22.24,23248.5273255054,0
2023-12-22,32.9888888888889,28.2137738336932,24.5666666666667,15137.0865645164,0
2023-12-23,33.8333333333333,29.5788618370876,25.65,21282.5884742537,0
2023-12-24,33.7538461538462,29.8257404930792,25.97,22325.0111651731,0
2023-12-25,34.3,30.1167618074876,26.45,23405.2321236264,1.4
2023-12-26,34.07,28.9449692493099,25.8,18266.5857184066,5
2023-12-27,33.9,29.3278588943912,25.5,18332.9436053946,3
2023-12-28,34.7090909090909,29.8411954841025,26,17878.4150152641,0
2023-12-29,34.9666666666667,29.7669441638947,24.66,25127.034796123,0
2023-12-30,34.9454545454545,29.8881573951411,24.7142857142857,25383.7182694805,0
2023-12-31,33.9,29.3041324738064,26.25,13873.065196458,0
2024-01-01,34.3777777777778,29.0185764929515,25.525,18249.3473401745,0.4
2024-01-02,34.7363636363636,29.6397899759417,24.4,20292.7028541459,1.8
2024-01-03,34.51,29.29043213502,24.95,21928.9939119998,43
2024-01-04,34.7875,29.2911723796298,24.1333333333333,23684.5207870879,0
2024-01-05,34.15,28.76286868864,24.54,20600.4133347902,0
2024-01-06,34.8727272727273,29.1076939368875,24.1333333333333,21776.6049176853,0
2024-01-07,34.4933333333333,28.8544936087305,24.34,21960.8408241758,1
2024-01-08,34.9,28.7752799694332,23.6333333333333,19834.6682195525,0
2024-01-09,34.7571428571429,29.6504026431085,24.05,19205.9318779235,0
2024-01-10,32.8857142857143,28.2903060187676,24.8428571428571,14202.4497287272,22.2
2024-01-11,33.5714285714286,26.8811209029066,24.325,13891.3752845904,34.4
2024-01-12,30.2222222222222,25.4193744008517,22.4,9471.32263186813,71
2024-01-13,31.4583333333333,26.433306925101,24.05,9553.26480194805,100.4
2024-01-14,32.2625,27.2394270482604,23.65,12945.1346066434,26
2024-01-15,30.1625,26.6351287385454,24.1428571428571,9213.25288962508,68.4
2024-01-16,32.56,27.9302933966286,23.95,14906.0986996753,7.2
2024-01-17,34.76,28.1972058241886,25.05,12197.068206448,68
2024-01-18,34.8714285714286,28.0134538807011,24.625,12872.5037224173,128
2024-01-19,31.71,27.4225768878113,24.85,9436.54406718282,17.6
2024-01-20,31.3125,27.4140894044227,24.5,9790.29287588882,8
2024-01-21,35.3923076923077,27.8523868110666,25.24,12132.9822827173,9.6
2024-01-22,35.7666666666667,28.7519880150375,24.3333333333333,14157.5117325469,0
2024-01-23,36.99,29.8918683148353,23.2,23992.0481564685,0
2024-01-24,35.1285714285714,28.8902026617349,23.4333333333333,13992.7343585165,0
2024-01-25,29.2571428571429,26.1721474892629,24.64,1315.78111800699,15.6
2024-01-26,33.8125,29.4646945777652,24.75,16552.5729244505,0
2024-01-27,34.2333333333333,29.8364317203265,25.85,16954.973506993,1.6
2024-01-28,34.9583333333333,30.5691571849203,27.0285714285714,19829.780282967,0
2024-01-29,34.0375,30.5633722082761,26.6666666666667,21186.673459276,0
2024-01-30,NA,NA,NA,0,0
2024-01-31,NA,NA,NA,0,0
2024-02-01,NA,NA,NA,0,0
2024-02-02,NA,NA,NA,0,0
2024-02-03,NA,NA,NA,0,0
2024-02-04,NA,NA,NA,0,0
2024-02-05,NA,NA,NA,0,0
2024-02-06,NA,NA,NA,0,0
2024-02-07,NA,NA,NA,0,0
2024-02-08,NA,NA,NA,0,0
2024-02-09,NA,NA,NA,0,0
2024-02-10,NA,NA,NA,0,0
2024-02-11,NA,NA,NA,0,0
2024-02-12,NA,NA,NA,0,0
2024-02-13,NA,NA,NA,0,0
2024-02-14,NA,NA,NA,0,0
2024-02-15,NA,NA,NA,0,0
2024-02-16,NA,NA,NA,0,0
2024-02-17,NA,NA,NA,0,0
2024-02-18,NA,NA,NA,0,0
2024-02-19,NA,NA,NA,0,0
2024-02-20,NA,NA,NA,0,0
2024-02-21,NA,NA,NA,0,0
2024-02-22,NA,NA,NA,0,0
2024-02-23,NA,NA,NA,0,0
2024-02-24,NA,NA,NA,0,0
2024-02-25,NA,NA,NA,0,0
2024-02-26,NA,NA,NA,0,0
2024-02-27,NA,NA,NA,0,0
2024-02-28,NA,NA,NA,0,0
2024-02-29,NA,NA,NA,0,0
2024-03-01,NA,NA,NA,0,0
2024-03-02,NA,NA,NA,0,0
2024-03-03,NA,NA,NA,0,0
2024-03-04,NA,NA,NA,0,0
2024-03-05,NA,NA,NA,0,0
2024-03-06,NA,NA,NA,0,0
2024-03-07,NA,NA,NA,0,0
2024-03-08,NA,NA,NA,0,0
2024-03-09,NA,NA,NA,0,0
2024-03-10,NA,NA,NA,0,0
2024-03-11,NA,NA,NA,0,0
2024-03-12,NA,NA,NA,0,0
2024-03-13,NA,NA,NA,0,0
2024-03-14,NA,NA,NA,0,0
2024-03-15,NA,NA,NA,0,0
2024-03-16,NA,NA,NA,0,0
2024-03-17,NA,NA,NA,0,0
2024-03-18,NA,NA,NA,0,0
2024-03-19,NA,NA,NA,0,0
2024-03-20,NA,NA,NA,0,0
2024-03-21,NA,NA,NA,0,0
2024-03-22,NA,NA,NA,0,0
2024-03-23,NA,NA,NA,0,0
2024-03-24,NA,NA,NA,0,0
2024-03-25,NA,NA,NA,0,0
2024-03-26,NA,NA,NA,0,0
2024-03-27,NA,NA,NA,0,0
2024-03-28,NA,NA,NA,0,0
2024-03-29,NA,NA,NA,0,0
2024-03-30,NA,NA,NA,0,0
2024-03-31,NA,NA,NA,0,0
2024-04-01,NA,NA,NA,0,0
2024-04-02,NA,NA,NA,0,0
2024-04-03,NA,NA,NA,0,0
2024-04-04,NA,NA,NA,0,0
2024-04-05,NA,NA,NA,0,0
2024-04-06,NA,NA,NA,0,0
2024-04-07,NA,NA,NA,0,0
2024-04-08,NA,NA,NA,0,0
2024-04-09,NA,NA,NA,0,0
2024-04-10,NA,NA,NA,102.15,20039.8
2024-04-11,NA,NA,NA,0,19993.8
2024-04-12,NA,NA,NA,0.45,3.8
2024-04-13,NA,NA,NA,0,0
2024-04-14,NA,NA,NA,0,0
2024-04-15,NA,NA,NA,0,0
2024-04-16,NA,NA,NA,0,0
2024-04-17,NA,NA,NA,0,0
2024-04-18,NA,NA,NA,0,0
2024-04-19,NA,NA,NA,0,0
2024-04-20,NA,NA,NA,0,0
2024-04-21,NA,NA,NA,0,0
2024-04-22,NA,NA,NA,0,0
2024-04-23,NA,NA,NA,0,0
2024-04-24,NA,NA,NA,0,0
2024-04-25,NA,NA,NA,0,0
2024-04-26,NA,NA,NA,0,0
2024-04-27,NA,NA,NA,0,0
2024-04-28,NA,NA,NA,0,0
2024-04-29,NA,NA,NA,0,0
2024-04-30,NA,NA,NA,0,0
2024-05-01,NA,NA,NA,0,0
2024-05-02,NA,NA,NA,0,0
2024-05-03,NA,NA,NA,0,0
2024-05-04,NA,NA,NA,0,0
2024-05-05,NA,NA,NA,0,0
2024-05-06,NA,NA,NA,0,0
2024-05-07,NA,NA,NA,0,0
2024-05-08,NA,NA,NA,0,0
2024-05-09,NA,NA,NA,0,0
2024-05-10,NA,NA,NA,0,0
2024-05-11,NA,NA,NA,0,0
2024-05-12,NA,NA,NA,0,0
2024-05-13,NA,NA,NA,0,0
2024-05-14,NA,NA,NA,0,0
2024-05-15,NA,NA,NA,0,0
2024-05-16,NA,NA,NA,0,0
2024-05-17,29.8,28.8188161375661,25.45,8549.45641634836,65603.1
2024-05-18,NA,NA,NA,0,0
2024-05-19,NA,NA,NA,0,0
2024-05-20,NA,NA,NA,0,0
2024-05-21,NA,NA,NA,0,0
2024-05-22,28.7142857142857,24.6785939206992,21.44,9733.75144985162,2
2024-05-23,21.8555555555556,21.4724537037037,21.05,48.42,330.8
2024-05-24,NA,NA,NA,0,0
2024-05-25,NA,NA,NA,0,0
2024-05-26,NA,NA,NA,0,0
2024-05-27,NA,NA,NA,0,0
2024-05-28,NA,NA,NA,0,0
2024-05-29,NA,NA,NA,44.1,2156.8
2024-05-30,NA,NA,NA,44.1,0
2024-05-31,NA,NA,NA,0,0
2024-06-01,NA,NA,NA,288.161052631579,0
2024-06-02,23.5777777777778,23.5777777777778,23.5777777777778,121.026,0
2024-06-03,29.15,23.0795238095238,17.1,2703.37285714286,0
2024-06-04,18.9,18.575,17.7,106.929,856.8
2024-06-05,NA,NA,NA,0,0
2024-06-06,NA,NA,NA,0,0
2024-06-07,NA,NA,NA,0,0
2024-06-08,NA,NA,NA,0,0
2024-06-09,NA,NA,NA,0,0
2024-06-10,NA,NA,NA,0,0
2024-06-11,NA,NA,NA,0,0
2024-06-12,NA,NA,NA,0,0
2024-06-13,NA,NA,NA,0,0
2024-06-14,NA,NA,NA,0,0
2024-06-15,NA,NA,NA,0,0
2024-06-16,NA,NA,NA,0,0
2024-06-17,29.56,19.3916372216372,13.1428571428571,2889.60508516484,0
2024-06-18,27.7818181818182,18.9364556065915,11.8,12504.1628101898,0
2024-06-19,28.2833333333333,19.680426439058,13.9333333333333,14280.8411595904,0
2024-06-20,28.7777777777778,20.1867623399992,13.9,11945.928032967,0
2024-06-21,29.4727272727273,22.1938845020228,16.7333333333333,12203.3147997003,0
2024-06-22,27.9555555555556,22.5684025974026,19.35,7742.68231568432,0
2024-06-23,29.3818181818182,22.4799773530563,17.25,14669.1589679071,0
2024-06-24,27.6909090909091,21.5342016021803,16.6,9715.12203265852,0
2024-06-25,27.5777777777778,23.1301901969189,17.65,8278.45035355821,0
2024-06-26,27.175,23.8771021571022,22.2166666666667,4619.64000439267,6.8
2024-06-27,30.9875,25.7792786891471,23.0285714285714,5753.50135823451,64274.8
2024-06-28,29.0428571428571,24.2570683879612,15,5260.86260407019,197527.5
2024-06-29,40.4666666666667,25.2795031055901,21.2,7287.2067032461,125033.3
2024-06-30,28.3,23.4666666666667,20.4,6324.57,0.2
2024-07-01,29.55,22.6380341880342,18.3,5515.935,0
2024-07-02,29.4,23.1737745098039,17.4,6761.01,0
2024-07-03,28.8,22.68875,17.1,6893.385,0
2024-07-04,27.15,22.5241379310345,20.4,3027.585,0
2024-07-05,26.2,22.7445402298851,20.1,2907.795,0
2024-07-06,24.3,21.7944444444444,20.2,3748.155,0.4
2024-07-07,20.5,20.0772727272727,19.8,130.695,0.6
2024-07-08,NA,NA,NA,0,0
2024-07-09,NA,NA,NA,0,0
2024-07-10,NA,NA,NA,0,0
2024-07-11,NA,NA,NA,0,0
2024-07-12,NA,NA,NA,0,0
2024-07-13,20.6,20.6,20.6,0,0
2024-07-14,NA,NA,NA,0,0
2024-07-15,NA,NA,NA,0,0
2024-07-16,NA,NA,NA,0,0
2024-07-17,18,14.8071428571429,11.8,4.5,0
2024-07-18,NA,NA,NA,0,0
2024-07-19,22.5,17.15,11.8,622.53,0
2024-07-20,27.2,20.9833333333333,14.4,1602.63,0
2024-07-21,NA,NA,NA,0,0
2024-07-22,20.2333333333333,16.2583333333333,12.9,332.136,0
2024-07-23,NA,NA,NA,0,0
2024-07-24,NA,NA,NA,0,7.9
2024-07-25,NA,NA,NA,0,0
2024-07-26,NA,NA,NA,0,0
2024-07-27,NA,NA,NA,0,0
2024-07-28,NA,NA,NA,0,0
2024-07-29,NA,NA,NA,0,0
2024-07-30,21.5,21.5,21.5,0.72,0
2024-07-31,NA,NA,NA,0,0
2024-08-01,NA,NA,NA,0,0
2024-08-02,NA,NA,NA,0,0
2024-08-03,NA,NA,NA,0,0
2024-08-04,NA,NA,NA,0,0
2024-08-05,NA,NA,NA,0,0
2024-08-06,22.4,22.4,22.4,319.5,0
2024-08-07,28.6,28.6,28.6,280.485,0
2024-08-08,20.45,20.45,20.45,0,0
2024-08-09,24.42,24.42,24.42,329.22,0
2024-08-10,21.875,21.875,21.875,54.18,0
2024-08-11,19.7,19.7,19.7,0,0
2024-08-12,28.2,21.76,17.2,475.065,0
2024-08-13,26.7,20.9928571428571,15.5,1429.185,0
2024-08-14,30.1,22.6095238095238,14.8,7105.935,0
2024-08-15,30.3,20.4962962962963,17.1,1230.255,0
2024-08-16,30.1666666666667,21.7170212765957,16.1,8963.805,0
2024-08-17,30.2,20.7333333333333,13.9,6681.825,0
2024-08-18,32,22.2980158730159,14.4,8743.5,0
2024-08-19,31.2,21.3258928571429,15.9,3639.675,0
2024-08-20,25.05,23.0083333333333,21.4,1235.2875,1.4
2024-08-21,27.6,22.8490740740741,18.25,3328.0875,0
2024-08-22,29,22.7277777777778,17.3,5581.6125,0
2024-08-23,26.9,23.8145061728395,20.85,2695.2,0.4
2024-08-24,21.55,21.42,21.3,0,0
2024-08-25,NA,NA,NA,0,0
2024-08-26,50,23.2925925925926,13.9,618.372,749952.2
2024-08-27,50,24.869962962963,17.6,1130.23678571429,1203905.4
2024-08-28,50,23.7392021276596,13.9,1139.84242857143,1275539.7
2024-08-29,50,24.5213825757576,13.9,1308.26689285714,1125933.7
2024-08-30,35.65,23.0621481481482,13.9,1133.08328571429,1171570.5
2024-08-31,50,23.6437992831541,13.9,923.461142857143,1177019.4
2024-09-01,50,24.390394265233,13.9,1190.47028571429,1111929.1
2024-09-02,50,24.5374521072797,13.9,1067.28642857143,1183654.3
2024-09-03,50,23.2213003663004,14.9,1222.75757142857,1125385.6
2024-09-04,50,23.9046816479401,13.9,1172.74135714286,1217126.5
2024-09-05,50,23.2529710144928,13.9,1016.93053571429,1236339.8
2024-09-06,50,23.6641039426523,13.9,1139.46,1216505.7
2024-09-07,35.65,22.3581060606061,14.9,968.405142857143,868984.4
2024-09-08,50,22.7996111111111,13.9,1175.43514285714,1137994.8
2024-09-09,50,24.9589492753623,13.9,1110.41410714286,1237485
2024-09-10,50,24.5801268115942,13.9,1070.40557142857,1184753.5
2024-09-11,50,23.7345390070922,13.9,1304.45271428571,1243224.7
2024-09-12,50,23.1495381526104,13.9,1236.79675,1184398.4
2024-09-13,50,23.579010989011,13.9,1200.90967857143,1197514.2
2024-09-14,50,24.0112271062271,13.9,977.479,1223693.8
2024-09-15,50,25.015018115942,13.9,1152.22317857143,1197959
2024-09-16,50,23.3615740740741,13.9,1165.68960714286,1216923.3
2024-09-17,50,22.9370212765957,13.9,1120.68721428571,1203460.6
2024-09-18,50,23.4796631205674,13.9,1420.755,1231165.3
2024-09-19,50,24.5406395348837,14.4,1069.51757142857,1176648.4
2024-09-20,50,22.6621978021978,14.9,1386.95696428571,1171708.5
2024-09-21,50,23.1818458781362,14.9,1361.70153571429,1178706.4
2024-09-22,50,24.0599242424242,17.06,1284.01660714286,1138325.9
2024-09-23,50,24.6252688172043,17.6,1217.37882142857,1171575.1
2024-09-24,50,24.8537121212121,17.0333333333333,1187.78514285714,1190410.8
2024-09-25,40.4333333333333,23.8088949275362,17.0333333333333,1277.20926298701,1158407.2
2024-09-26,50,24.9818115942029,16.3666666666667,1112.69207142857,1197687.8
2024-09-27,50,23.8635,14.9,1231.08314285714,1184613.5
2024-09-28,50,24.419846390169,13.9,1035.09346428571,1302911.7
2024-09-29,50,25.0346557971015,13.9,1237.20825,1093124.5
2024-09-30,50,24.4295185185185,14.9,1147.74228571429,1144578.7
2024-10-01,50,23.2363333333333,16.7,1126.31496428571,1177235
2024-10-02,50,23.5295161290323,14.9,1350.42289285714,1145691.5
2024-10-03,50,24.8013978494624,13.9,1402.43571428571,1164871.3
2024-10-04,50,23.4220035460993,13.9,1214.44496428571,1289759.9
2024-10-05,50,24.4034108527132,13.9,1094.25332142857,1250338.1
2024-10-06,50,23.7741935483871,13.9,1134.57585714286,1217431.7
2024-10-07,50,23.5983333333333,17.6,963.797464285714,1171043.7
2024-10-08,50,23.0598924731183,16.3666666666667,1075.32075,1262847.2
2024-10-09,50,23.604609929078,13.9,1076.62192857143,1210556
2024-10-10,50,22.8096886446886,13.9,1029.27967857143,1190301
2024-10-11,50,24.5148717948718,17.0333333333333,1029.32471428571,1197170.7
2024-10-12,50,23.6425093632959,13.9,1243.41421428571,1191433.6
2024-10-13,50,23.387662835249,13.9,1211.24085714286,1138227.5
2024-10-14,50,23.4462544802867,14.4,1123.53246428571,1276346.5
2024-10-15,40.4333333333333,22.5264750957854,14.9,951.386642857143,1177641.4
2024-10-16,35.65,22.5365400843882,13.9,927.4355,1018992.2
2024-10-17,50,23.4977719298246,13.9,996.044464285714,1177528.7
2024-10-18,50,24.3106481481482,13.9,1181.44707142857,1184198.1
2024-10-19,50,22.9266296296296,13.9,931.57025,1222988.6
2024-10-20,49.5,22.5606028368794,14.8,1015.12538961039,1314006.5
2024-10-21,49.5,21.1090398550725,13.8,949.278785714286,1287679.4
2024-10-22,39.0666666666667,20.1228277153558,14.8,1027.99592857143,1300506.4
2024-10-23,41.675,19.7362765957447,13.8,1255.08267857143,1392062.6
2024-10-24,33.85,19.0084394409938,14.8,1344.27082142857,1294876.8
2024-10-25,49.5,20.4006842105263,13.8,1210.92510714286,1333513.6
2024-10-26,33.85,20.0890977443609,13.8,937.826571428571,1359384.4
2024-10-27,49.5,21.0435986024845,15.6,1128.75796428571,1274266.2
2024-10-28,39.0666666666667,20.6653647416413,16,968.0155,1457832.5
2024-10-29,49.5,21.5529528985507,16,1044.74142857143,1261503.7
2024-10-30,49.5,21.5493233082707,16,1031.18664285714,1346181
2024-10-31,49.5,20.9601449275362,13.8,1091.75721753247,1287722.2
2024-11-01,39.0666666666667,20.1364516129032,15.9333333333333,1295.32493181818,1372835.1
2024-11-02,39.0666666666667,20.4109722222222,13.8,1201.78805519481,1281289.7
2024-11-03,49.5,20.0899743983615,13.8,1365.84178571429,1281020.9
2024-11-04,33.85,20.2430107526882,16,970.118,1411961.2
2024-11-05,49.5,21.388835125448,13.8,1213.96867857143,1261819.1
2024-11-06,49.5,19.9879928315412,13.8,1115.24592857143,1248447.5
2024-11-07,49.5,20.2142708333333,13.8,1226.22989285714,1379910.4
2024-11-08,49.5,21.1295787545788,16,1065.00377272727,1346665.7
2024-11-09,49.5,27.0459239130435,15.9333333333333,10156.95175,588889.5
2024-11-10,49.7,30.6153888888889,22.5,11753.1301071429,20608
2024-11-11,40.4,29.9028546099291,14.8,11594.5865714286,23078.6
2024-11-12,49.7,30.6625724637681,13.9,11105.5806428571,21938
2024-11-13,49.7,31.1114102564103,13.9,10940.2530357143,21150.8
2024-11-14,40.4,29.8010243055556,13.9,10853.3797857143,23933.5
2024-11-15,49.7,30.984606741573,19.6333333333333,10535.8600357143,22820.4
2024-11-16,43.5,30.3223650793651,19.9333333333333,10858.9796785714,22077
2024-11-17,49.7,30.1275905797101,13.9,8802.2175,17643.8
2024-11-18,43.3,28.4306439393939,20.3,4896.29910714286,14582.7
2024-11-19,49.5,25.742518115942,13.9,3333.82871428571,4961.4
2024-11-20,49.5,25.0911851851852,13.9,4345.18071428571,4233.4
2024-11-21,49.5,24.5372478238607,13.9,4457.33292857143,4609.8
2024-11-22,49.5,25.9475862068966,13.9,4271.71610714286,5347
2024-11-23,49.5,24.609010989011,13.9,4358.73479545455,5656.1
2024-11-24,49.5,24.7973837209302,18.5,4209.27382142857,5196.3
2024-11-25,36.3,24.3510185185185,13.9,4333.99525,4655.8
2024-11-26,49.5,23.7332407407407,14.8,4512.28310714286,5090
2024-11-27,49.5,23.8715018315018,16.9666666666667,4253.6185,4120.9
2024-11-28,36.3,24.5095152036718,13.9,4124.15439285714,5121.3
2024-11-29,49.5,24.6301310861423,14.8,4399.15499025974,4372.1
2024-11-30,49.5,24.9104444444444,13.9,4171.08753571429,5179.1
2024-12-01,49.5,25.4467424242424,14.8,4052.14182142857,4699.7
2024-12-02,49.5,25.1059239130435,13.9,4258.94796428571,4843.3
2024-12-03,49.5,25.4151764705882,13.9,3530.94028571429,3913.4
2024-12-04,49.5,25.6664894795127,14.8,4122.35528571429,4455.1
2024-12-05,49.5,24.3174906367041,17.76,4298.50478571429,4448.2
2024-12-06,49.5,24.4759003831418,13.9,4151.78989285714,4478.4
2024-12-07,36.3,24.2403097798259,14.8,4186.14821428571,4990.7
2024-12-08,49.5,25.4956989247312,13.9,4132.44935714286,4191.6
2024-12-09,49.5,25.4856274509804,17.2666666666667,4112.83243831169,4173.5
2024-12-10,49.5,25.4947962962963,18.5,4052.28142857143,3787.3
2024-12-11,36.3,23.2871712018141,13.9,4353.06346428571,5617.9
2024-12-12,49.5,26.1541666666667,18.95,4479.53875,5317.1
2024-12-13,49.5,24.8209340659341,14.8,4521.36171428571,4838
2024-12-14,36.3,23.4487862318841,14.35,4514.71122402597,4729.9
2024-12-15,49.5,24.765962962963,13.9,4083.20747077922,4747.2
2024-12-16,49.5,24.8130186097427,14.8,4112.63425,5186.6
2024-12-17,49.5,25.757253968254,14.8,3967.55939285714,4437.2
2024-12-18,49.5,24.5776164021164,14.8,4172.50789285714,5150.9
2024-12-19,49.5,25.4579935794543,14.8,3962.46135714286,4347.9
2024-12-20,49.5,24.5016853932584,14.8,4536.78871428571,5357.2
2024-12-21,49.5,25.5025543478261,14.8,4361.51775,5374.3
2024-12-22,49.5,24.4529829545455,13.9,4138.81646428571,4648.3
2024-12-23,49.5,25.6381899641577,13.9,4235.21446428571,5539.3
2024-12-24,49.5,24.7555634920635,13.9,4176.82953571429,4965
2024-12-25,49.5,24.4343939393939,14.8,4067.56160714286,4677
2024-12-26,49.5,24.0018888888889,13.9,4102.57517857143,5024.1
2024-12-27,49.5,25.0362068965517,14.8,4115.10571428571,4687
2024-12-28,49.5,25.2008052434457,13.9,3962.71778896104,5313.2
2024-12-29,40.7,25.0587265917603,13.9,4418.72632142857,3896.3
2024-12-30,49.5,25.3544379844961,16.9666666666667,3767.78967857143,5307.8
2024-12-31,36.3,23.8586080586081,14.8,4566.04485714286,5055.5
2025-01-01,49.5,25.5723518518519,13.9,4375.38712987013,5426
2025-01-02,49.5,24.8309706959707,13.9,4190.32171428571,5177.2
2025-01-03,36.3,24.4693939393939,14.8,4110.02257142857,4347.4
2025-01-04,49.5,24.6740823970037,13.9,4159.55785714286,3720.7
2025-01-05,49.5,24.5075757575758,13.9,4558.96421428571,5064.3
2025-01-06,40.7,24.5109060846561,14.8,4365.72282142857,5217.2
2025-01-07,49.5,25.175861423221,14.8,4151.08491883117,4691.9
2025-01-08,49.5,25.4986685823755,14.8,4203.32653896104,4432.4
2025-01-09,49.5,24.4038648947951,16.9666666666667,4245.41942857143,5061.7
2025-01-10,49.5,24.9828409090909,13.9,4075.90603571429,5412.2
2025-01-11,36.3,25.1919803921569,13.9,3897.46589285714,5287.1
2025-01-12,57.7,26.5910353535354,13.9,2960.78439285714,6654.3
2025-01-13,44.3333333333333,29.9258865248227,20.45,5233.93,227646.5
2025-01-14,50.4,29.1790780141844,17.5333333333333,7327.89049025974,550332.6
2025-01-15,50.4,29.970632183908,13,8346.92671428572,333376.1
2025-01-16,50,30.5556451612903,13.8,5393.34978571429,469618.2
2025-01-17,45.85,31.0039448919136,21.9,14160.8370113636,182552.1
2025-01-18,39.0777777777778,30.8738388482862,26.3833333333333,19393.3800535714,0.8
2025-01-19,36.16,30.1232962013018,25.15,18586.944741009,0
2025-01-20,33.3615384615385,28.2181887522628,25.24,11687.6072169081,0.4
2025-01-21,34.59,28.9283206618261,24.85,15668.6032687313,0
2025-01-22,35.5111111111111,29.6183929660543,24.65,21135.2777862138,0
2025-01-23,35.5,30.0137707215127,24.65,20942.7288214286,0
2025-01-24,35.3928571428571,29.8980223373118,24.94,19723.5775474525,0
2025-01-25,35.375,29.6366416799575,24.54,18141.0265152348,3.2
2025-01-26,33.1272727272727,26.9188286200514,23.3571428571429,13348.6755906593,49
2025-01-27,30.2230769230769,25.2834821497184,22.8333333333333,5125.79988816331,26.6
2025-01-28,26.04,24.6268936877076,23.9,2636.56233545866,111
2025-01-29,28.475,25.7275048235161,23.8,5235.24225997687,68.2
2025-01-30,33.675,27.9384522620237,24.25,10999.1280012928,6.8
2025-01-31,33.6083333333333,27.827088180128,23.2,17902.7834487718,17.8
2025-02-01,33.2636363636364,28.2231842855939,24.54,9650.15566927925,23.2
2025-02-02,34.0307692307692,27.8494300590852,25.2,10304.7463826247,94.4
2025-02-03,31.2,26.7035741189705,24.95,4917.437729234,73.2
2025-02-04,28.4,25.6777777777778,24.55,1910.05183741259,235.8
2025-02-05,29.75,26.9396308122257,24.9,7233.45888459335,64.6
2025-02-06,34.9909090909091,28.1530553564793,24.2333333333333,15749.3271743036,42.2
2025-02-07,33.975,28.1572026153923,24.44,17666.4903760504,6.8
2025-02-08,33.8111111111111,27.7203205524634,24.54,10524.8755583387,21.6
2025-02-09,32.95,27.2291248196248,24.8,10540.1417441676,83.5
2025-02-10,30.3625,26.6251610492682,23.9333333333333,6636.85837486778,13.6
2025-02-11,27.2,25.4115616246499,24.4428571428571,87.2744318181818,6256.2
2025-02-12,32.25,26.557443977591,20.8,3780.25124264355,13172.2
2025-02-13,32.3363636363636,25.7481542699725,24.44,725.289,7322.6
2025-02-14,35.7454545454545,30.3017762626263,24.65,12952.5693245358,6826.8
2025-02-15,36.7,28.9067372359226,23.55,16726.8080572516,614.4
2025-02-16,36.0285714285714,29.5593432891398,25.42,12565.0363935182,0
2025-02-17,36.2,29.96292159391,23.8333333333333,18089.5785062584,51.1
2025-02-18,35.47,28.552802838451,23.1333333333333,10909.1173954428,6553.6
2025-02-19,32.9,27.3987623019926,24.35,10043.3021330249,2
2025-02-20,34.49,28.2367427972267,23.9,19320.496293956,0
2025-02-21,33.8,27.703119166347,24.7,10162.6597918038,356.9
2025-02-22,31.1285714285714,25.716328045477,23.95,9721.49240206852,25.6
2025-02-23,32.3545454545455,27.1744632735685,23.54,15152.9818186813,0.8
2025-02-24,34.8,28.5061733938576,23.34,21887.4633076923,0
2025-02-25,33.78,28.5384473859474,24.55,19354.5049285714,8.2
2025-02-26,32.65,26.9750513346303,22.15,16702.77825,0
2025-02-27,33.7,27.0720945333736,21.54,14327.8946598402,0
2025-02-28,33.96,26.9797020026757,21.35,21467.6361098901,0
2025-03-01,33.66,26.6176407077222,19.85,22431.9070272228,0
2025-03-02,34.9,26.9988282769862,19.95,22961.4467884615,0
2025-03-03,34.89,27.1860058630983,20.8,22707.5103461538,0
2025-03-04,35.9818181818182,27.8065060489279,21.3333333333333,21511.7681868132,0
2025-03-05,34.0916666666667,27.6705096063887,22.3166666666667,21982.6811863137,0
2025-03-06,33.1615384615385,27.104394198991,21.35,21705.2205884116,0
2025-03-07,35.5333333333333,28.7581377947449,22.35,22163.8373571429,0
2025-03-08,34.6666666666667,29.0061748698162,24.4333333333333,17403.493741435,3.6
2025-03-09,34.2846153846154,29.1052417615065,25.24,16590.6378941059,43.6
2025-03-10,34.52,28.5937819276134,24.35,15047.2165759241,6.2
2025-03-11,33.15,27.431815961816,24.3,13134.0222362637,8.6
2025-03-12,24.4666666666667,24.0814497354497,23.85,2.76,2.4
2025-03-13,NA,NA,NA,0,0
2025-03-14,NA,NA,NA,0,0
2025-03-15,NA,NA,NA,0,0
2025-03-16,NA,NA,NA,0,0
2025-03-17,24.85,24.5287121212121,24.2,1520.9026082996,9.8
2025-03-18,NA,NA,NA,0,0
2025-03-19,NA,NA,NA,0,0
2025-03-20,37.55,24.6123611111111,13.8,616.772064935065,781587.4
2025-03-21,51.1,25.3806144393241,13.8,1271.02707142857,1144648.3
2025-03-22,51.1,25.5463043478261,13.8,1262.81775,1216616.7
2025-03-23,51.1,26.0239964157706,13.8,1628.20375824176,1223480.8
2025-03-24,51.1,24.7102247191011,13.8,1529.86989285714,1131246.5
2025-03-25,51.1,25.200585106383,13.8,1276.94528571429,1130610.9
2025-03-26,51.1,25.5076053639847,13.8,1500.63942857143,1105207.7
2025-03-27,51.1,24.8540432098765,17.5333333333333,770.770285714286,657726.4
2025-03-28,NA,NA,NA,0,0
2025-03-29,NA,NA,NA,0,0
2025-03-30,NA,NA,NA,0,0
2025-03-31,NA,NA,NA,0,0
2025-04-01,NA,NA,NA,0,0
2025-04-02,NA,NA,NA,0,0
2025-04-03,24.3,24.3,24.3,0,0
2025-04-04,NA,NA,NA,0,0
2025-04-05,NA,NA,NA,0,0
2025-04-06,NA,NA,NA,0,0
2025-04-07,NA,NA,NA,0,0
2025-04-08,NA,NA,NA,0,0
2025-04-09,NA,NA,NA,0,0
2025-04-10,NA,NA,NA,0,0
2025-04-11,NA,NA,NA,0,0
2025-04-12,NA,NA,NA,0,0
2025-04-13,NA,NA,NA,0,0
2025-04-14,24.2,24.1,24,0.36,0
2025-04-15,26.25,23.7943888888889,22.46,253.859898325359,2.2
2025-04-16,22.65,21.8624358974359,21,1.62,0.4
2025-04-17,28,21.2302227304859,19.4333333333333,942.173708041958,0
2025-04-18,28.45,22.5021634615385,19.8166666666667,507.445035067873,0
2025-04-19,28.5,23.7677797619048,22.4,71.628,2.8
2025-04-20,23.2,22.6876488095238,22,1.44,0
2025-04-21,30.4545454545455,24.1535109839655,22.05,1361.10415283246,0
2025-04-22,32.6714285714286,25.996551414855,21.6,10766.6181583722,0
2025-04-23,31.7333333333333,25.7937240435716,21.25,7187.18589806197,0
2025-04-24,30.65,25.2968054550813,22.6333333333333,9673.07172394247,11
2025-04-25,30.25,24.9520094940333,22.35,4441.20417293813,0
2025-04-26,27.9,22.0799993726081,20.2,1200.36784205468,0
2025-04-27,28.0444444444444,23.7377397149336,21.4,1084.36201054118,0
2025-04-28,24.1,22.1134100529101,21.05,273.938309210526,13105.5
2025-04-29,NA,NA,NA,0,13229.9
2025-04-30,NA,NA,NA,0,19828.9
2025-05-01,NA,NA,NA,0,13437.9
2025-05-02,NA,NA,NA,0,39529.4
2025-05-03,57.8,43.8833333333333,12.9,0,32902.7
2025-05-04,59,41.0758620689655,13.2,0,45990.2
2025-05-05,59.6,59.4,59.2,0,13354.9
2025-05-06,NA,NA,NA,0,26430.9
2025-05-07,NA,NA,NA,0,13408.4
2025-05-08,NA,NA,NA,0.72,13403.5
2025-05-09,NA,NA,NA,0,26455.2
2025-05-10,NA,NA,NA,0,213.6
2025-05-11,13.9,13.1888888888889,12.2666666666667,0,32974.4
2025-05-12,NA,NA,NA,0,26422.5
2025-05-13,NA,NA,NA,0,52655.4
2025-05-14,NA,NA,NA,0,59292.6
2025-05-15,NA,NA,NA,0,13406.9
2025-05-16,NA,NA,NA,0,39627.3
2025-05-17,NA,NA,NA,0.3,33070.8
2025-05-18,NA,NA,NA,0,33027.5
2025-05-19,NA,NA,NA,0,52723.8
2025-05-20,NA,NA,NA,0.45,33059.8
2025-05-21,NA,NA,NA,0.9,33054
2025-05-22,NA,NA,NA,3.6,59209.6
2025-05-23,NA,NA,NA,0,19864.3
2025-05-24,NA,NA,NA,0.9,39448.3
2025-05-25,NA,NA,NA,0,39509.3
2025-05-26,NA,NA,NA,0,46089.8
2025-05-27,NA,NA,NA,0,33046
2025-05-28,NA,NA,NA,0,19902.6
2025-05-29,NA,NA,NA,0,19920.4
2025-05-30,28.4,25.1603199888116,22.2235294117647,4253.11552548587,34.3
2025-05-31,31.1318181818182,24.8206418456462,20.85,15073.1856439505,0
2025-06-01,28.48,23.2839366106347,18.0333333333333,11390.5550236961,0
2025-06-02,31.3461538461538,25.0142719697564,19.75,10053.2803136879,0
2025-06-03,32.3923076923077,26.3113658411186,21.65,13621.8791298701,0
2025-06-04,30.2,24.0682294139552,16.2333333333333,14542.1426725774,0
2025-06-05,29.3111111111111,20.4440706008448,14.05,15089.1393146853,0
2025-06-06,27.3,20.1834634548458,15.1333333333333,7054.93376223776,0
2025-06-07,27.7583333333333,21.8067924677662,18.15,7717.28095804196,2.2
2025-06-08,30.78,21.7814256808007,17.4666666666667,8829.66737412587,0
2025-06-09,29.525,22.2838816437186,18.36,6719.88655694306,0
2025-06-10,28.83,22.9952126400441,19.2333333333333,8736.12357842158,0
2025-06-11,29.4111111111111,23.178446351354,19.35,10094.2031078921,0
2025-06-12,31.46,24.5829619080683,19.1,14351.339486014,0
2025-06-13,28.4461538461538,23.1248603180445,18.95,10672.2174410589,0
2025-06-14,26.49,20.5728852889009,14.9333333333333,10780.252482018,0
2025-06-15,26.8,19.5570990354675,14.4333333333333,12899.9394515485,0
2025-06-16,24.8142857142857,20.8323218694885,15.55,4038.42047656755,0.2
2025-06-17,24.06,21.0291129452876,18.6666666666667,5489.31147083064,6.4
2025-06-18,27.2933333333333,21.3975011897086,16.75,9697.96767432568,0.2
2025-06-19,27.8111111111111,21.8381627651957,16.2333333333333,9841.55184354771,0
2025-06-20,27.67,22.7297446430511,20.45,9756.66339299014,0.4
2025-06-21,26.18,22.3156980519481,20.3,6881.45058172439,3.6
2025-06-22,26.8222222222222,23.2645504736809,20.85,7013.24703449801,0.4
2025-06-23,28,23.9963012573846,20.6090909090909,9347.7467507566,0.6
2025-06-24,31.1545454545455,24.4204157431577,18.9,13562.7057326424,0
2025-06-25,31.625,23.7490094716159,18.15,12062.3663598901,0
2025-06-26,28.9666666666667,22.4570578063241,17.6,9055.24767632368,0
2025-06-27,25.2142857142857,22.6569236583522,21.1,5480.93534003497,0
2025-06-28,23.1833333333333,21.8417263688692,20.7333333333333,3699.88036438561,4
2025-06-29,25.775,22.5583315083609,20.65,5764.23417857143,0.4
2025-06-30,27.4714285714286,23.1464983954872,20.25,11076.8840287727,0
2025-07-01,27.5,21.1615489911323,12.8,14554.4178853426,0
2025-07-02,27.3555555555556,17.871353723109,11.5333333333333,15216.0324691926,0
2025-07-03,26.6727272727273,16.7116597496071,10.5333333333333,14761.9055939722,0
2025-07-04,27.29,18.0357346704222,10.4166666666667,12989.368006207,0
2025-07-05,29.0538461538462,22.1908707773708,17.55,10428.4849042502,0
2025-07-06,28.44,23.834004655838,19.7,8051.36489088118,0
2025-07-07,30.1555555555556,24.1635868223771,18.7,9638.69984003497,0
2025-07-08,29.9545454545455,24.5987500635938,20.25,10876.4573273271,0
2025-07-09,29.9666666666667,24.0517979183937,20.2428571428571,8828.06828275401,0
2025-07-10,28.3777777777778,23.2927178773607,20.14,5890.40196921461,0.8
2025-07-11,30.2928571428571,23.6247866533211,19.2333333333333,12381.8375335473,0
2025-07-12,27.1333333333333,22.8179340798091,19.16,11027.2148641138,0
2025-07-13,27.6444444444444,21.9686597430347,18.75,8355.50744404125,0
2025-07-14,27.9454545454545,21.6205592414832,16.7666666666667,8696.62811772051,0
2025-07-15,29.6636363636364,21.3978031992162,16.1,12551.6969601648,0
2025-07-16,30.6727272727273,20.7273187576313,13.45,15671.2936690809,0
2025-07-17,30.1363636363636,21.8601258818014,15.7333333333333,11527.8701898102,0
2025-07-18,30.21,22.621175358592,16.7333333333333,12282.7702522478,0
2025-07-19,30.0333333333333,23.2063302826206,18.25,9294.68816483516,0
2025-07-20,30.6166666666667,23.963205396557,18.2428571428571,10476.7218379121,0
2025-07-21,29.0727272727273,23.9177482741844,19.35,8339.48990047453,0
2025-07-22,25.85,22.8583523245592,21.35,4805.86176498501,13.6
2025-07-23,29.3,24.1874044831431,21.35,7229.23968406593,2.2
2025-07-24,29.9333333333333,24.6283305934168,20.45,11561.7442787213,0
2025-07-25,30.6285714285714,24.2445395172593,20.7428571428571,11482.3685911001,1.6
2025-07-26,29.66,23.9658699102316,19.05,11502.4591461039,0
2025-07-27,31.0846153846154,24.0611045078659,18.0333333333333,15384.2264514236,0
2025-07-28,30.2,23.4864820404182,19.25,12167.1055062438,0
2025-07-29,29.87,23.7796524791633,19.18,8774.72787587413,0
2025-07-30,30.3636363636364,25.6122452584953,20.6,13822.7827541209,0
2025-07-31,28.2666666666667,25.4014666506333,22.24,4006.4994965035,0
2025-08-01,25.75,21.5599613027422,18.7333333333333,8386.38193681319,3.8
2025-08-02,26.8111111111111,19.8896951381951,12.7,11501.8008246753,0
2025-08-03,26.2727272727273,17.4647475709476,10.15,16884.0915238511,0
2025-08-04,28.3090909090909,21.3983354167878,11.0416666666667,16469.7406920579,0
2025-08-05,28.55,20.3763900156069,12.9142857142857,15320.0038761239,0
2025-08-06,29.9888888888889,24.1243648488987,16.5333333333333,14702.5228804945,0
2025-08-07,29.2769230769231,21.3515611001901,15.3666666666667,12533.7436071429,0
2025-08-08,28.1583333333333,21.7052455316551,16.6,8827.17643381618,0
2025-08-09,30.275,21.8787763341796,15.3,15404.7060801698,0
2025-08-10,25.11,20.8800363465686,17.15,7846.15954395604,2.2
2025-08-11,27.6666666666667,21.6861572033039,16.5333333333333,12028.8292417582,0
2025-08-12,27.0307692307692,21.6221485643986,17.025,9026.9121717033,5.2
2025-08-13,25.2142857142857,21.6693888813207,18.75,7757.94349668714,6
2025-08-14,28.7363636363636,21.7306095921622,14.55,15458.4009599151,0
2025-08-15,27.7888888888889,19.6260001907076,14.02,16042.878203047,0
2025-08-16,27.6545454545455,19.7202173328679,12.35,13317.0156286214,0
2025-08-17,28.7461538461538,22.001895049395,14.55,11652.2314173327,0
2025-08-18,28.6,20.1646052427105,12.75,17403.1886881281,0
2025-08-19,29.0625,21.1312200152094,14.65,16269.6878328877,0
2025-08-20,28.34,22.4180069805351,15.75,9757.58465759241,0
2025-08-21,31.7333333333333,25.0639520585797,20.06,13875.890022977,0
2025-08-22,31.0428571428571,23.171387660372,17.8,15968.5576442308,0
2025-08-23,31.08,22.2783080099569,16.0333333333333,17900.666840035,0
2025-08-24,32.2636363636364,22.3931750267277,14.4166666666667,18451.2163950167,0
2025-08-25,30.1466666666667,22.2344763336079,16.56,14345.6164376873,0
2025-08-26,29.4,21.9431542434174,16.65,17251.8770251366,0
2025-08-27,29.275,21.4267930315299,15.1,18121.705951049,0
2025-08-28,29.45,21.5862060262361,16.5,12011.3086784172,0
2025-08-29,30.7642857142857,24.0124559132624,18.05,17448.6258502747,0
2025-08-30,32.2111111111111,23.8791269523301,15.9,16105.3313837413,0
2025-08-31,28.6333333333333,21.5015955167518,14.5333333333333,12648.5889400379,0
2025-09-01,29.0461538461538,22.3852713485345,16.6444444444444,14122.37207029,0
2025-09-02,29.5615384615385,23.276469372921,18,15615.6443612637,0
2025-09-03,27.4818181818182,22.5532305179886,17.35,7980.48159178322,0
2025-09-04,30.8272727272727,23.3572138345525,16.85,13885.472908966,0
2025-09-05,31.7727272727273,25.1132638538284,19.1142857142857,14225.6187240333,0
2025-09-06,30.5,26.1168124791875,22.8,19296.3620752262,0
2025-09-07,28.6916666666667,24.4371090519967,21.95,10347.7438419081,2.6
2025-09-08,29.2,23.8155116918038,21.18,13163.7661399042,3.4
2025-09-09,30.1846153846154,24.1712370785243,19.2,18080.2997608274,0
2025-09-10,30.4083333333333,24.6554493448938,18.15,20076.2041723056,0
2025-09-11,30.1333333333333,25.4111706707271,19.15,16087.2496910149,0
2025-09-12,31.5909090909091,23.4632804888501,17.05,11129.7742462831,0.6
2025-09-13,23.6666666666667,21.7926910355562,20.15,2952.05331003555,18.6
2025-09-14,28.4,21.8982644670145,18.1333333333333,9999.89456489099,2
2025-09-15,28.7818181818182,22.9581591504625,18.1,12322.484664512,17.4
2025-09-16,28.7,24.1800662376839,20.9333333333333,11233.1312542825,28.6
2025-09-17,26.43,24.2910397975615,22.65,4792.78241271963,17.8
2025-09-18,31.0888888888889,26.8542437715264,23.4333333333333,11669.621401547,0
2025-09-19,30.0142857142857,26.2089739553376,22.3142857142857,7453.49574467444,0
2025-09-20,30.77,24.7412940732107,18.45,17196.3214002101,0
2025-09-21,30.55,25.4735965283156,20.8428571428571,15785.6775152421,0
2025-09-22,30.2285714285714,23.931462167969,20.26,5316.49819083119,0
2025-09-23,30.4111111111111,25.2163738576239,20.14,13461.0663417098,0
2025-09-24,27.95,23.0338818257766,18.7,8154.05094877414,1
2025-09-25,29.04,22.2603898406558,16.4333333333333,12890.6384938123,0
2025-09-26,28.27,21.3616475669924,15.55,12433.7372855233,0
2025-09-27,31.0466666666667,23.7603746514923,16.1444444444444,14666.6485637864,3
2025-09-28,32.0454545454545,24.8201617313846,19.9666666666667,15135.5228110775,0.2
2025-09-29,30.9916666666667,23.9213921241299,17.9857142857143,20348.8165513888,0
2025-09-30,32.6428571428571,23.5894324815809,13.95,21345.7859141888,0
2025-10-01,32.4875,24.3949225102383,17.5333333333333,21477.1105977111,0
2025-10-02,32.1428571428571,24.1804837205618,16.2857142857143,21142.9996454354,0
2025-10-03,33.8,24.2008415224821,16.2333333333333,20881.2960491273,0
2025-10-04,32.5428571428571,24.5701260669155,16.5,20535.3238845713,0
2025-10-05,30.1111111111111,25.0448375429827,19.74,20429.9561269392,0
2025-10-06,30.5,24.8184823626666,19.4333333333333,17743.7107803037,1.6
2025-10-07,28.5666666666667,24.718520654877,20.45,7382.88501585102,0
2025-10-08,32.575,26.5930709290709,22.1,15300.234006207,0
2025-10-09,31.8333333333333,26.5189301821367,23.1,9279.57773903535,2
2025-10-10,30.8,26.4475726891244,22.1,11603.264747576,1.8
2025-10-11,31.9923076923077,25.8350239777584,19.7555555555556,16796.2501807531,0
2025-10-12,32.25,26.2665748863405,21.5333333333333,15262.1076874538,0
2025-10-13,33.4166666666667,27.306281304393,21.7166666666667,14126.7856367918,0
2025-10-14,31.1,26.1377109781604,23.8333333333333,9073.08843547629,9
2025-10-15,31.3363636363636,25.6485908113625,21.65,11573.6666344538,1.4
2025-10-16,29.8857142857143,25.4909981271683,21.0428571428571,9557.69942064553,0.2
2025-10-17,31.35,26.43797808822,21.85,16398.051580776,0.4
2025-10-18,32.0538461538462,25.5152404262404,19.55,19754.4030518819,0.2
2025-10-19,31.89,25.2489696882065,18.7,22140.5442727787,0
2025-10-20,32.6166666666667,25.8013253817941,20.2666666666667,21322.2938059402,0
2025-10-21,31.8416666666667,25.0532696693987,19.35,21792.0613331815,0
2025-10-22,31.95,24.6844844487664,17.75,21859.4335193997,0
2025-10-23,31.25,22.7114005563259,18.7,6409.6997237395,0
2025-10-24,32.5666666666667,25.145656655266,18.5,22625.7058512784,0
2025-10-25,33.1153846153846,26.1577017193333,19.9,21847.6583631075,0
2025-10-26,33.3090909090909,27.6768486223609,22.25,20977.3199339851,0
2025-10-27,32.2636363636364,27.8492612438773,22.35,19713.4767345617,0
2025-10-28,33.1454545454545,27.6391450570706,23.5,17106.1090139126,1
2025-10-29,33.6384615384615,28.212582996454,22.9,20486.6367815977,0.6
2025-10-30,33.48,27.8304895940739,22.3333333333333,14214.6217923547,7.6
2025-10-31,33.9923076923077,28.5361779132703,25.2666666666667,13829.9572436975,0.6
2025-11-01,33.4666666666667,27.7727851563641,22.74,19443.2391166774,0
2025-11-02,34.53,28.0246747577393,21.7333333333333,21808.7104722116,0
2025-11-03,31.8375,25.1841092848124,22.84,2837.45826222307,0
